src_npy,out_npz,matched_mat_key,num_vectors
C:\Users\root\Desktop\class\math model\dataset_tensors\48kHz Normal\N_0_X097_DE_time_imgs.npy,C:\Users\root\Desktop\class\math model\paired\48kHz Normal\N_0_X097_DE_time_imgs_paired.npz,48khz normal/n_0.mat,8
C:\Users\root\Desktop\class\math model\dataset_tensors\48kHz Normal\N_0_X097_FE_time_imgs.npy,C:\Users\root\Desktop\class\math model\paired\48kHz Normal\N_0_X097_FE_time_imgs_paired.npz,48khz normal/n_0.mat,8
C:\Users\root\Desktop\class\math model\dataset_tensors\48kHz Normal\N_1_(1772rpm)_X098_DE_time_imgs.npy,C:\Users\root\Desktop\class\math model\paired\48kHz Normal\N_1_(1772rpm)_X098_DE_time_imgs_paired.npz,48khz normal/n_1_(1772rpm).mat,13
C:\Users\root\Desktop\class\math model\dataset_tensors\48kHz Normal\N_1_(1772rpm)_X098_FE_time_imgs.npy,C:\Users\root\Desktop\class\math model\paired\48kHz Normal\N_1_(1772rpm)_X098_FE_time_imgs_paired.npz,48khz normal/n_1_(1772rpm).mat,13
C:\Users\root\Desktop\class\math model\dataset_tensors\48kHz Normal\N_2_(1750rpm)_X099_DE_time_imgs.npy,C:\Users\root\Desktop\class\math model\paired\48kHz Normal\N_2_(1750rpm)_X099_DE_time_imgs_paired.npz,48khz normal/n_2_(1750rpm).mat,13
C:\Users\root\Desktop\class\math model\dataset_tensors\48kHz Normal\N_2_(1750rpm)_X099_FE_time_imgs.npy,C:\Users\root\Desktop\class\math model\paired\48kHz Normal\N_2_(1750rpm)_X099_FE_time_imgs_paired.npz,48khz normal/n_2_(1750rpm).mat,13
C:\Users\root\Desktop\class\math model\dataset_tensors\48kHz Normal\N_3_X100_DE_time_imgs.npy,C:\Users\root\Desktop\class\math model\paired\48kHz Normal\N_3_X100_DE_time_imgs_paired.npz,48khz normal/n_3.mat,13
C:\Users\root\Desktop\class\math model\dataset_tensors\48kHz Normal\N_3_X100_FE_time_imgs.npy,C:\Users\root\Desktop\class\math model\paired\48kHz Normal\N_3_X100_FE_time_imgs_paired.npz,48khz normal/n_3.mat,13
C:\Users\root\Desktop\class\math model\dataset_tensors\DE\12kHz B\B007_0_X118_BA_time_imgs.npy,C:\Users\root\Desktop\class\math model\paired\DE\12kHz B\B007_0_X118_BA_time_imgs_paired.npz,12khz b/b007_0.mat,13
C:\Users\root\Desktop\class\math model\dataset_tensors\DE\12kHz B\B007_0_X118_DE_time_imgs.npy,C:\Users\root\Desktop\class\math model\paired\DE\12kHz B\B007_0_X118_DE_time_imgs_paired.npz,12khz b/b007_0.mat,13
C:\Users\root\Desktop\class\math model\dataset_tensors\DE\12kHz B\B007_0_X118_FE_time_imgs.npy,C:\Users\root\Desktop\class\math model\paired\DE\12kHz B\B007_0_X118_FE_time_imgs_paired.npz,12khz b/b007_0.mat,13
C:\Users\root\Desktop\class\math model\dataset_tensors\DE\12kHz B\B007_1_X119_BA_time_imgs.npy,C:\Users\root\Desktop\class\math model\paired\DE\12kHz B\B007_1_X119_BA_time_imgs_paired.npz,de/12khz b/b007_1.mat,13
C:\Users\root\Desktop\class\math model\dataset_tensors\DE\12kHz B\B007_1_X119_DE_time_imgs.npy,C:\Users\root\Desktop\class\math model\paired\DE\12kHz B\B007_1_X119_DE_time_imgs_paired.npz,de/12khz b/b007_1.mat,13
C:\Users\root\Desktop\class\math model\dataset_tensors\DE\12kHz B\B007_1_X119_FE_time_imgs.npy,C:\Users\root\Desktop\class\math model\paired\DE\12kHz B\B007_1_X119_FE_time_imgs_paired.npz,de/12khz b/b007_1.mat,13
C:\Users\root\Desktop\class\math model\dataset_tensors\DE\12kHz B\B007_2_X120_BA_time_imgs.npy,C:\Users\root\Desktop\class\math model\paired\DE\12kHz B\B007_2_X120_BA_time_imgs_paired.npz,de/12khz b/b007_2.mat,13
C:\Users\root\Desktop\class\math model\dataset_tensors\DE\12kHz B\B007_2_X120_DE_time_imgs.npy,C:\Users\root\Desktop\class\math model\paired\DE\12kHz B\B007_2_X120_DE_time_imgs_paired.npz,de/12khz b/b007_2.mat,13
C:\Users\root\Desktop\class\math model\dataset_tensors\DE\12kHz B\B007_2_X120_FE_time_imgs.npy,C:\Users\root\Desktop\class\math model\paired\DE\12kHz B\B007_2_X120_FE_time_imgs_paired.npz,de/12khz b/b007_2.mat,13
C:\Users\root\Desktop\class\math model\dataset_tensors\DE\12kHz B\B007_3_X121_BA_time_imgs.npy,C:\Users\root\Desktop\class\math model\paired\DE\12kHz B\B007_3_X121_BA_time_imgs_paired.npz,b007_3.mat,13
C:\Users\root\Desktop\class\math model\dataset_tensors\DE\12kHz B\B007_3_X121_DE_time_imgs.npy,C:\Users\root\Desktop\class\math model\paired\DE\12kHz B\B007_3_X121_DE_time_imgs_paired.npz,b007_3.mat,13
C:\Users\root\Desktop\class\math model\dataset_tensors\DE\12kHz B\B007_3_X121_FE_time_imgs.npy,C:\Users\root\Desktop\class\math model\paired\DE\12kHz B\B007_3_X121_FE_time_imgs_paired.npz,b007_3.mat,13
C:\Users\root\Desktop\class\math model\dataset_tensors\DE\12kHz B\B014_0_X185_BA_time_imgs.npy,C:\Users\root\Desktop\class\math model\paired\DE\12kHz B\B014_0_X185_BA_time_imgs_paired.npz,12khz b/b014_0.mat,13
C:\Users\root\Desktop\class\math model\dataset_tensors\DE\12kHz B\B014_0_X185_DE_time_imgs.npy,C:\Users\root\Desktop\class\math model\paired\DE\12kHz B\B014_0_X185_DE_time_imgs_paired.npz,12khz b/b014_0.mat,13
C:\Users\root\Desktop\class\math model\dataset_tensors\DE\12kHz B\B014_0_X185_FE_time_imgs.npy,C:\Users\root\Desktop\class\math model\paired\DE\12kHz B\B014_0_X185_FE_time_imgs_paired.npz,12khz b/b014_0.mat,13
C:\Users\root\Desktop\class\math model\dataset_tensors\DE\12kHz B\B014_1_X186_BA_time_imgs.npy,C:\Users\root\Desktop\class\math model\paired\DE\12kHz B\B014_1_X186_BA_time_imgs_paired.npz,b014_1.mat,13
C:\Users\root\Desktop\class\math model\dataset_tensors\DE\12kHz B\B014_1_X186_DE_time_imgs.npy,C:\Users\root\Desktop\class\math model\paired\DE\12kHz B\B014_1_X186_DE_time_imgs_paired.npz,b014_1.mat,13
C:\Users\root\Desktop\class\math model\dataset_tensors\DE\12kHz B\B014_1_X186_FE_time_imgs.npy,C:\Users\root\Desktop\class\math model\paired\DE\12kHz B\B014_1_X186_FE_time_imgs_paired.npz,b014_1.mat,13
C:\Users\root\Desktop\class\math model\dataset_tensors\DE\12kHz B\B014_2_X187_BA_time_imgs.npy,C:\Users\root\Desktop\class\math model\paired\DE\12kHz B\B014_2_X187_BA_time_imgs_paired.npz,b014_2.mat,13
C:\Users\root\Desktop\class\math model\dataset_tensors\DE\12kHz B\B014_2_X187_DE_time_imgs.npy,C:\Users\root\Desktop\class\math model\paired\DE\12kHz B\B014_2_X187_DE_time_imgs_paired.npz,b014_2.mat,13
C:\Users\root\Desktop\class\math model\dataset_tensors\DE\12kHz B\B014_2_X187_FE_time_imgs.npy,C:\Users\root\Desktop\class\math model\paired\DE\12kHz B\B014_2_X187_FE_time_imgs_paired.npz,b014_2.mat,13
C:\Users\root\Desktop\class\math model\dataset_tensors\DE\12kHz B\B014_3_X188_BA_time_imgs.npy,C:\Users\root\Desktop\class\math model\paired\DE\12kHz B\B014_3_X188_BA_time_imgs_paired.npz,12khz b/b014_3.mat,13
C:\Users\root\Desktop\class\math model\dataset_tensors\DE\12kHz B\B014_3_X188_DE_time_imgs.npy,C:\Users\root\Desktop\class\math model\paired\DE\12kHz B\B014_3_X188_DE_time_imgs_paired.npz,12khz b/b014_3.mat,13
C:\Users\root\Desktop\class\math model\dataset_tensors\DE\12kHz B\B014_3_X188_FE_time_imgs.npy,C:\Users\root\Desktop\class\math model\paired\DE\12kHz B\B014_3_X188_FE_time_imgs_paired.npz,12khz b/b014_3.mat,13
C:\Users\root\Desktop\class\math model\dataset_tensors\DE\12kHz B\B021_0_X222_BA_time_imgs.npy,C:\Users\root\Desktop\class\math model\paired\DE\12kHz B\B021_0_X222_BA_time_imgs_paired.npz,b021_0.mat,13
C:\Users\root\Desktop\class\math model\dataset_tensors\DE\12kHz B\B021_0_X222_DE_time_imgs.npy,C:\Users\root\Desktop\class\math model\paired\DE\12kHz B\B021_0_X222_DE_time_imgs_paired.npz,b021_0.mat,13
C:\Users\root\Desktop\class\math model\dataset_tensors\DE\12kHz B\B021_0_X222_FE_time_imgs.npy,C:\Users\root\Desktop\class\math model\paired\DE\12kHz B\B021_0_X222_FE_time_imgs_paired.npz,b021_0.mat,13
C:\Users\root\Desktop\class\math model\dataset_tensors\DE\12kHz B\B021_1_X223_BA_time_imgs.npy,C:\Users\root\Desktop\class\math model\paired\DE\12kHz B\B021_1_X223_BA_time_imgs_paired.npz,de/12khz b/b021_1.mat,13
C:\Users\root\Desktop\class\math model\dataset_tensors\DE\12kHz B\B021_1_X223_DE_time_imgs.npy,C:\Users\root\Desktop\class\math model\paired\DE\12kHz B\B021_1_X223_DE_time_imgs_paired.npz,de/12khz b/b021_1.mat,13
C:\Users\root\Desktop\class\math model\dataset_tensors\DE\12kHz B\B021_1_X223_FE_time_imgs.npy,C:\Users\root\Desktop\class\math model\paired\DE\12kHz B\B021_1_X223_FE_time_imgs_paired.npz,de/12khz b/b021_1.mat,13
C:\Users\root\Desktop\class\math model\dataset_tensors\DE\12kHz B\B021_2_X224_BA_time_imgs.npy,C:\Users\root\Desktop\class\math model\paired\DE\12kHz B\B021_2_X224_BA_time_imgs_paired.npz,de/12khz b/b021_2.mat,13
C:\Users\root\Desktop\class\math model\dataset_tensors\DE\12kHz B\B021_2_X224_DE_time_imgs.npy,C:\Users\root\Desktop\class\math model\paired\DE\12kHz B\B021_2_X224_DE_time_imgs_paired.npz,de/12khz b/b021_2.mat,13
C:\Users\root\Desktop\class\math model\dataset_tensors\DE\12kHz B\B021_2_X224_FE_time_imgs.npy,C:\Users\root\Desktop\class\math model\paired\DE\12kHz B\B021_2_X224_FE_time_imgs_paired.npz,de/12khz b/b021_2.mat,13
C:\Users\root\Desktop\class\math model\dataset_tensors\DE\12kHz B\B021_3_X225_BA_time_imgs.npy,C:\Users\root\Desktop\class\math model\paired\DE\12kHz B\B021_3_X225_BA_time_imgs_paired.npz,12khz b/b021_3.mat,13
C:\Users\root\Desktop\class\math model\dataset_tensors\DE\12kHz B\B021_3_X225_DE_time_imgs.npy,C:\Users\root\Desktop\class\math model\paired\DE\12kHz B\B021_3_X225_DE_time_imgs_paired.npz,12khz b/b021_3.mat,13
C:\Users\root\Desktop\class\math model\dataset_tensors\DE\12kHz B\B021_3_X225_FE_time_imgs.npy,C:\Users\root\Desktop\class\math model\paired\DE\12kHz B\B021_3_X225_FE_time_imgs_paired.npz,12khz b/b021_3.mat,13
C:\Users\root\Desktop\class\math model\dataset_tensors\DE\12kHz B\B028_0_(1797rpm)_X048_DE_time_imgs.npy,C:\Users\root\Desktop\class\math model\paired\DE\12kHz B\B028_0_(1797rpm)_X048_DE_time_imgs_paired.npz,b028_0_(1797rpm).mat,13
C:\Users\root\Desktop\class\math model\dataset_tensors\DE\12kHz B\B028_1_(1772rpm)_X049_DE_time_imgs.npy,C:\Users\root\Desktop\class\math model\paired\DE\12kHz B\B028_1_(1772rpm)_X049_DE_time_imgs_paired.npz,de/12khz b/b028_1_(1772rpm).mat,13
C:\Users\root\Desktop\class\math model\dataset_tensors\DE\12kHz B\B028_2_(1750rpm)_X050_DE_time_imgs.npy,C:\Users\root\Desktop\class\math model\paired\DE\12kHz B\B028_2_(1750rpm)_X050_DE_time_imgs_paired.npz,12khz b/b028_2_(1750rpm).mat,13
C:\Users\root\Desktop\class\math model\dataset_tensors\DE\12kHz B\B028_3_(1730rpm)_X051_DE_time_imgs.npy,C:\Users\root\Desktop\class\math model\paired\DE\12kHz B\B028_3_(1730rpm)_X051_DE_time_imgs_paired.npz,b028_3_(1730rpm).mat,13
C:\Users\root\Desktop\class\math model\dataset_tensors\DE\12kHz IR\IR007_0_X105_BA_time_imgs.npy,C:\Users\root\Desktop\class\math model\paired\DE\12kHz IR\IR007_0_X105_BA_time_imgs_paired.npz,de/12khz ir/ir007_0.mat,13
C:\Users\root\Desktop\class\math model\dataset_tensors\DE\12kHz IR\IR007_0_X105_DE_time_imgs.npy,C:\Users\root\Desktop\class\math model\paired\DE\12kHz IR\IR007_0_X105_DE_time_imgs_paired.npz,de/12khz ir/ir007_0.mat,13
C:\Users\root\Desktop\class\math model\dataset_tensors\DE\12kHz IR\IR007_0_X105_FE_time_imgs.npy,C:\Users\root\Desktop\class\math model\paired\DE\12kHz IR\IR007_0_X105_FE_time_imgs_paired.npz,de/12khz ir/ir007_0.mat,13
C:\Users\root\Desktop\class\math model\dataset_tensors\DE\12kHz IR\IR007_1_X106_BA_time_imgs.npy,C:\Users\root\Desktop\class\math model\paired\DE\12kHz IR\IR007_1_X106_BA_time_imgs_paired.npz,12khz ir/ir007_1.mat,13
C:\Users\root\Desktop\class\math model\dataset_tensors\DE\12kHz IR\IR007_1_X106_DE_time_imgs.npy,C:\Users\root\Desktop\class\math model\paired\DE\12kHz IR\IR007_1_X106_DE_time_imgs_paired.npz,12khz ir/ir007_1.mat,13
C:\Users\root\Desktop\class\math model\dataset_tensors\DE\12kHz IR\IR007_1_X106_FE_time_imgs.npy,C:\Users\root\Desktop\class\math model\paired\DE\12kHz IR\IR007_1_X106_FE_time_imgs_paired.npz,12khz ir/ir007_1.mat,13
C:\Users\root\Desktop\class\math model\dataset_tensors\DE\12kHz IR\IR007_2_X107_BA_time_imgs.npy,C:\Users\root\Desktop\class\math model\paired\DE\12kHz IR\IR007_2_X107_BA_time_imgs_paired.npz,12khz ir/ir007_2.mat,13
C:\Users\root\Desktop\class\math model\dataset_tensors\DE\12kHz IR\IR007_2_X107_DE_time_imgs.npy,C:\Users\root\Desktop\class\math model\paired\DE\12kHz IR\IR007_2_X107_DE_time_imgs_paired.npz,12khz ir/ir007_2.mat,13
C:\Users\root\Desktop\class\math model\dataset_tensors\DE\12kHz IR\IR007_2_X107_FE_time_imgs.npy,C:\Users\root\Desktop\class\math model\paired\DE\12kHz IR\IR007_2_X107_FE_time_imgs_paired.npz,12khz ir/ir007_2.mat,13
C:\Users\root\Desktop\class\math model\dataset_tensors\DE\12kHz IR\IR007_3_X108_BA_time_imgs.npy,C:\Users\root\Desktop\class\math model\paired\DE\12kHz IR\IR007_3_X108_BA_time_imgs_paired.npz,ir007_3.mat,13
C:\Users\root\Desktop\class\math model\dataset_tensors\DE\12kHz IR\IR007_3_X108_DE_time_imgs.npy,C:\Users\root\Desktop\class\math model\paired\DE\12kHz IR\IR007_3_X108_DE_time_imgs_paired.npz,ir007_3.mat,13
C:\Users\root\Desktop\class\math model\dataset_tensors\DE\12kHz IR\IR007_3_X108_FE_time_imgs.npy,C:\Users\root\Desktop\class\math model\paired\DE\12kHz IR\IR007_3_X108_FE_time_imgs_paired.npz,ir007_3.mat,13
C:\Users\root\Desktop\class\math model\dataset_tensors\DE\12kHz IR\IR014_0_X169_BA_time_imgs.npy,C:\Users\root\Desktop\class\math model\paired\DE\12kHz IR\IR014_0_X169_BA_time_imgs_paired.npz,de/12khz ir/ir014_0.mat,13
C:\Users\root\Desktop\class\math model\dataset_tensors\DE\12kHz IR\IR014_0_X169_DE_time_imgs.npy,C:\Users\root\Desktop\class\math model\paired\DE\12kHz IR\IR014_0_X169_DE_time_imgs_paired.npz,de/12khz ir/ir014_0.mat,13
C:\Users\root\Desktop\class\math model\dataset_tensors\DE\12kHz IR\IR014_0_X169_FE_time_imgs.npy,C:\Users\root\Desktop\class\math model\paired\DE\12kHz IR\IR014_0_X169_FE_time_imgs_paired.npz,de/12khz ir/ir014_0.mat,13
C:\Users\root\Desktop\class\math model\dataset_tensors\DE\12kHz IR\IR014_1_X170_BA_time_imgs.npy,C:\Users\root\Desktop\class\math model\paired\DE\12kHz IR\IR014_1_X170_BA_time_imgs_paired.npz,de/12khz ir/ir014_1.mat,13
C:\Users\root\Desktop\class\math model\dataset_tensors\DE\12kHz IR\IR014_1_X170_DE_time_imgs.npy,C:\Users\root\Desktop\class\math model\paired\DE\12kHz IR\IR014_1_X170_DE_time_imgs_paired.npz,de/12khz ir/ir014_1.mat,13
C:\Users\root\Desktop\class\math model\dataset_tensors\DE\12kHz IR\IR014_1_X170_FE_time_imgs.npy,C:\Users\root\Desktop\class\math model\paired\DE\12kHz IR\IR014_1_X170_FE_time_imgs_paired.npz,de/12khz ir/ir014_1.mat,13
C:\Users\root\Desktop\class\math model\dataset_tensors\DE\12kHz IR\IR014_2_X171_BA_time_imgs.npy,C:\Users\root\Desktop\class\math model\paired\DE\12kHz IR\IR014_2_X171_BA_time_imgs_paired.npz,ir014_2.mat,13
C:\Users\root\Desktop\class\math model\dataset_tensors\DE\12kHz IR\IR014_2_X171_DE_time_imgs.npy,C:\Users\root\Desktop\class\math model\paired\DE\12kHz IR\IR014_2_X171_DE_time_imgs_paired.npz,ir014_2.mat,13
C:\Users\root\Desktop\class\math model\dataset_tensors\DE\12kHz IR\IR014_2_X171_FE_time_imgs.npy,C:\Users\root\Desktop\class\math model\paired\DE\12kHz IR\IR014_2_X171_FE_time_imgs_paired.npz,ir014_2.mat,13
C:\Users\root\Desktop\class\math model\dataset_tensors\DE\12kHz IR\IR014_3_X172_BA_time_imgs.npy,C:\Users\root\Desktop\class\math model\paired\DE\12kHz IR\IR014_3_X172_BA_time_imgs_paired.npz,de/12khz ir/ir014_3.mat,13
C:\Users\root\Desktop\class\math model\dataset_tensors\DE\12kHz IR\IR014_3_X172_DE_time_imgs.npy,C:\Users\root\Desktop\class\math model\paired\DE\12kHz IR\IR014_3_X172_DE_time_imgs_paired.npz,de/12khz ir/ir014_3.mat,13
C:\Users\root\Desktop\class\math model\dataset_tensors\DE\12kHz IR\IR014_3_X172_FE_time_imgs.npy,C:\Users\root\Desktop\class\math model\paired\DE\12kHz IR\IR014_3_X172_FE_time_imgs_paired.npz,de/12khz ir/ir014_3.mat,13
C:\Users\root\Desktop\class\math model\dataset_tensors\DE\12kHz IR\IR021_0_X209_BA_time_imgs.npy,C:\Users\root\Desktop\class\math model\paired\DE\12kHz IR\IR021_0_X209_BA_time_imgs_paired.npz,de/12khz ir/ir021_0.mat,13
C:\Users\root\Desktop\class\math model\dataset_tensors\DE\12kHz IR\IR021_0_X209_DE_time_imgs.npy,C:\Users\root\Desktop\class\math model\paired\DE\12kHz IR\IR021_0_X209_DE_time_imgs_paired.npz,de/12khz ir/ir021_0.mat,13
C:\Users\root\Desktop\class\math model\dataset_tensors\DE\12kHz IR\IR021_0_X209_FE_time_imgs.npy,C:\Users\root\Desktop\class\math model\paired\DE\12kHz IR\IR021_0_X209_FE_time_imgs_paired.npz,de/12khz ir/ir021_0.mat,13
C:\Users\root\Desktop\class\math model\dataset_tensors\DE\12kHz IR\IR021_1_X210_BA_time_imgs.npy,C:\Users\root\Desktop\class\math model\paired\DE\12kHz IR\IR021_1_X210_BA_time_imgs_paired.npz,12khz ir/ir021_1.mat,13
C:\Users\root\Desktop\class\math model\dataset_tensors\DE\12kHz IR\IR021_1_X210_DE_time_imgs.npy,C:\Users\root\Desktop\class\math model\paired\DE\12kHz IR\IR021_1_X210_DE_time_imgs_paired.npz,12khz ir/ir021_1.mat,13
C:\Users\root\Desktop\class\math model\dataset_tensors\DE\12kHz IR\IR021_1_X210_FE_time_imgs.npy,C:\Users\root\Desktop\class\math model\paired\DE\12kHz IR\IR021_1_X210_FE_time_imgs_paired.npz,12khz ir/ir021_1.mat,13
C:\Users\root\Desktop\class\math model\dataset_tensors\DE\12kHz IR\IR021_2_X211_BA_time_imgs.npy,C:\Users\root\Desktop\class\math model\paired\DE\12kHz IR\IR021_2_X211_BA_time_imgs_paired.npz,12khz ir/ir021_2.mat,13
C:\Users\root\Desktop\class\math model\dataset_tensors\DE\12kHz IR\IR021_2_X211_DE_time_imgs.npy,C:\Users\root\Desktop\class\math model\paired\DE\12kHz IR\IR021_2_X211_DE_time_imgs_paired.npz,12khz ir/ir021_2.mat,13
C:\Users\root\Desktop\class\math model\dataset_tensors\DE\12kHz IR\IR021_2_X211_FE_time_imgs.npy,C:\Users\root\Desktop\class\math model\paired\DE\12kHz IR\IR021_2_X211_FE_time_imgs_paired.npz,12khz ir/ir021_2.mat,13
C:\Users\root\Desktop\class\math model\dataset_tensors\DE\12kHz IR\IR021_3_X212_BA_time_imgs.npy,C:\Users\root\Desktop\class\math model\paired\DE\12kHz IR\IR021_3_X212_BA_time_imgs_paired.npz,12khz ir/ir021_3.mat,13
C:\Users\root\Desktop\class\math model\dataset_tensors\DE\12kHz IR\IR021_3_X212_DE_time_imgs.npy,C:\Users\root\Desktop\class\math model\paired\DE\12kHz IR\IR021_3_X212_DE_time_imgs_paired.npz,12khz ir/ir021_3.mat,13
C:\Users\root\Desktop\class\math model\dataset_tensors\DE\12kHz IR\IR021_3_X212_FE_time_imgs.npy,C:\Users\root\Desktop\class\math model\paired\DE\12kHz IR\IR021_3_X212_FE_time_imgs_paired.npz,12khz ir/ir021_3.mat,13
C:\Users\root\Desktop\class\math model\dataset_tensors\DE\12kHz IR\IR028_0_(1797rpm)_X056_DE_time_imgs.npy,C:\Users\root\Desktop\class\math model\paired\DE\12kHz IR\IR028_0_(1797rpm)_X056_DE_time_imgs_paired.npz,de/12khz ir/ir028_0_(1797rpm).mat,13
C:\Users\root\Desktop\class\math model\dataset_tensors\DE\12kHz IR\IR028_1_(1772rpm)_X057_DE_time_imgs.npy,C:\Users\root\Desktop\class\math model\paired\DE\12kHz IR\IR028_1_(1772rpm)_X057_DE_time_imgs_paired.npz,12khz ir/ir028_1_(1772rpm).mat,13
C:\Users\root\Desktop\class\math model\dataset_tensors\DE\12kHz IR\IR028_2_(1750rpm)_X058_DE_time_imgs.npy,C:\Users\root\Desktop\class\math model\paired\DE\12kHz IR\IR028_2_(1750rpm)_X058_DE_time_imgs_paired.npz,de/12khz ir/ir028_2_(1750rpm).mat,13
C:\Users\root\Desktop\class\math model\dataset_tensors\DE\12kHz IR\IR028_3_(1730rpm)_X059_DE_time_imgs.npy,C:\Users\root\Desktop\class\math model\paired\DE\12kHz IR\IR028_3_(1730rpm)_X059_DE_time_imgs_paired.npz,ir028_3_(1730rpm).mat,13
C:\Users\root\Desktop\class\math model\dataset_tensors\DE\12kHz OR\OR007@12_0_X156_BA_time_imgs.npy,C:\Users\root\Desktop\class\math model\paired\DE\12kHz OR\OR007@12_0_X156_BA_time_imgs_paired.npz,12khz or/or007@12_0.mat,13
C:\Users\root\Desktop\class\math model\dataset_tensors\DE\12kHz OR\OR007@12_0_X156_DE_time_imgs.npy,C:\Users\root\Desktop\class\math model\paired\DE\12kHz OR\OR007@12_0_X156_DE_time_imgs_paired.npz,12khz or/or007@12_0.mat,13
C:\Users\root\Desktop\class\math model\dataset_tensors\DE\12kHz OR\OR007@12_0_X156_FE_time_imgs.npy,C:\Users\root\Desktop\class\math model\paired\DE\12kHz OR\OR007@12_0_X156_FE_time_imgs_paired.npz,12khz or/or007@12_0.mat,13
C:\Users\root\Desktop\class\math model\dataset_tensors\DE\12kHz OR\OR007@12_1_X158_BA_time_imgs.npy,C:\Users\root\Desktop\class\math model\paired\DE\12kHz OR\OR007@12_1_X158_BA_time_imgs_paired.npz,12khz or/or007@12_1.mat,13
C:\Users\root\Desktop\class\math model\dataset_tensors\DE\12kHz OR\OR007@12_1_X158_DE_time_imgs.npy,C:\Users\root\Desktop\class\math model\paired\DE\12kHz OR\OR007@12_1_X158_DE_time_imgs_paired.npz,12khz or/or007@12_1.mat,13
C:\Users\root\Desktop\class\math model\dataset_tensors\DE\12kHz OR\OR007@12_1_X158_FE_time_imgs.npy,C:\Users\root\Desktop\class\math model\paired\DE\12kHz OR\OR007@12_1_X158_FE_time_imgs_paired.npz,12khz or/or007@12_1.mat,13
C:\Users\root\Desktop\class\math model\dataset_tensors\DE\12kHz OR\OR007@12_2_X159_BA_time_imgs.npy,C:\Users\root\Desktop\class\math model\paired\DE\12kHz OR\OR007@12_2_X159_BA_time_imgs_paired.npz,de/12khz or/or007@12_2.mat,13
C:\Users\root\Desktop\class\math model\dataset_tensors\DE\12kHz OR\OR007@12_2_X159_DE_time_imgs.npy,C:\Users\root\Desktop\class\math model\paired\DE\12kHz OR\OR007@12_2_X159_DE_time_imgs_paired.npz,de/12khz or/or007@12_2.mat,13
C:\Users\root\Desktop\class\math model\dataset_tensors\DE\12kHz OR\OR007@12_2_X159_FE_time_imgs.npy,C:\Users\root\Desktop\class\math model\paired\DE\12kHz OR\OR007@12_2_X159_FE_time_imgs_paired.npz,de/12khz or/or007@12_2.mat,13
C:\Users\root\Desktop\class\math model\dataset_tensors\DE\12kHz OR\OR007@12_3_X160_BA_time_imgs.npy,C:\Users\root\Desktop\class\math model\paired\DE\12kHz OR\OR007@12_3_X160_BA_time_imgs_paired.npz,or007@12_3.mat,13
C:\Users\root\Desktop\class\math model\dataset_tensors\DE\12kHz OR\OR007@12_3_X160_DE_time_imgs.npy,C:\Users\root\Desktop\class\math model\paired\DE\12kHz OR\OR007@12_3_X160_DE_time_imgs_paired.npz,or007@12_3.mat,13
C:\Users\root\Desktop\class\math model\dataset_tensors\DE\12kHz OR\OR007@12_3_X160_FE_time_imgs.npy,C:\Users\root\Desktop\class\math model\paired\DE\12kHz OR\OR007@12_3_X160_FE_time_imgs_paired.npz,or007@12_3.mat,13
C:\Users\root\Desktop\class\math model\dataset_tensors\DE\12kHz OR\OR007@3_0_X144_BA_time_imgs.npy,C:\Users\root\Desktop\class\math model\paired\DE\12kHz OR\OR007@3_0_X144_BA_time_imgs_paired.npz,12khz or/or007@3_0.mat,13
C:\Users\root\Desktop\class\math model\dataset_tensors\DE\12kHz OR\OR007@3_0_X144_DE_time_imgs.npy,C:\Users\root\Desktop\class\math model\paired\DE\12kHz OR\OR007@3_0_X144_DE_time_imgs_paired.npz,12khz or/or007@3_0.mat,13
C:\Users\root\Desktop\class\math model\dataset_tensors\DE\12kHz OR\OR007@3_0_X144_FE_time_imgs.npy,C:\Users\root\Desktop\class\math model\paired\DE\12kHz OR\OR007@3_0_X144_FE_time_imgs_paired.npz,12khz or/or007@3_0.mat,13
C:\Users\root\Desktop\class\math model\dataset_tensors\DE\12kHz OR\OR007@3_1_X145_BA_time_imgs.npy,C:\Users\root\Desktop\class\math model\paired\DE\12kHz OR\OR007@3_1_X145_BA_time_imgs_paired.npz,de/12khz or/or007@3_1.mat,13
C:\Users\root\Desktop\class\math model\dataset_tensors\DE\12kHz OR\OR007@3_1_X145_DE_time_imgs.npy,C:\Users\root\Desktop\class\math model\paired\DE\12kHz OR\OR007@3_1_X145_DE_time_imgs_paired.npz,de/12khz or/or007@3_1.mat,13
C:\Users\root\Desktop\class\math model\dataset_tensors\DE\12kHz OR\OR007@3_1_X145_FE_time_imgs.npy,C:\Users\root\Desktop\class\math model\paired\DE\12kHz OR\OR007@3_1_X145_FE_time_imgs_paired.npz,de/12khz or/or007@3_1.mat,13
C:\Users\root\Desktop\class\math model\dataset_tensors\DE\12kHz OR\OR007@3_2_X146_BA_time_imgs.npy,C:\Users\root\Desktop\class\math model\paired\DE\12kHz OR\OR007@3_2_X146_BA_time_imgs_paired.npz,or007@3_2.mat,13
C:\Users\root\Desktop\class\math model\dataset_tensors\DE\12kHz OR\OR007@3_2_X146_DE_time_imgs.npy,C:\Users\root\Desktop\class\math model\paired\DE\12kHz OR\OR007@3_2_X146_DE_time_imgs_paired.npz,or007@3_2.mat,13
C:\Users\root\Desktop\class\math model\dataset_tensors\DE\12kHz OR\OR007@3_2_X146_FE_time_imgs.npy,C:\Users\root\Desktop\class\math model\paired\DE\12kHz OR\OR007@3_2_X146_FE_time_imgs_paired.npz,or007@3_2.mat,13
C:\Users\root\Desktop\class\math model\dataset_tensors\DE\12kHz OR\OR007@3_3_X147_BA_time_imgs.npy,C:\Users\root\Desktop\class\math model\paired\DE\12kHz OR\OR007@3_3_X147_BA_time_imgs_paired.npz,de/12khz or/or007@3_3.mat,13
C:\Users\root\Desktop\class\math model\dataset_tensors\DE\12kHz OR\OR007@3_3_X147_DE_time_imgs.npy,C:\Users\root\Desktop\class\math model\paired\DE\12kHz OR\OR007@3_3_X147_DE_time_imgs_paired.npz,de/12khz or/or007@3_3.mat,13
C:\Users\root\Desktop\class\math model\dataset_tensors\DE\12kHz OR\OR007@3_3_X147_FE_time_imgs.npy,C:\Users\root\Desktop\class\math model\paired\DE\12kHz OR\OR007@3_3_X147_FE_time_imgs_paired.npz,de/12khz or/or007@3_3.mat,13
C:\Users\root\Desktop\class\math model\dataset_tensors\DE\12kHz OR\OR007@6_0_X130_BA_time_imgs.npy,C:\Users\root\Desktop\class\math model\paired\DE\12kHz OR\OR007@6_0_X130_BA_time_imgs_paired.npz,12khz or/or007@6_0.mat,13
C:\Users\root\Desktop\class\math model\dataset_tensors\DE\12kHz OR\OR007@6_0_X130_DE_time_imgs.npy,C:\Users\root\Desktop\class\math model\paired\DE\12kHz OR\OR007@6_0_X130_DE_time_imgs_paired.npz,12khz or/or007@6_0.mat,13
C:\Users\root\Desktop\class\math model\dataset_tensors\DE\12kHz OR\OR007@6_0_X130_FE_time_imgs.npy,C:\Users\root\Desktop\class\math model\paired\DE\12kHz OR\OR007@6_0_X130_FE_time_imgs_paired.npz,12khz or/or007@6_0.mat,13
C:\Users\root\Desktop\class\math model\dataset_tensors\DE\12kHz OR\OR007@6_1_X131_BA_time_imgs.npy,C:\Users\root\Desktop\class\math model\paired\DE\12kHz OR\OR007@6_1_X131_BA_time_imgs_paired.npz,de/12khz or/or007@6_1.mat,13
C:\Users\root\Desktop\class\math model\dataset_tensors\DE\12kHz OR\OR007@6_1_X131_DE_time_imgs.npy,C:\Users\root\Desktop\class\math model\paired\DE\12kHz OR\OR007@6_1_X131_DE_time_imgs_paired.npz,de/12khz or/or007@6_1.mat,13
C:\Users\root\Desktop\class\math model\dataset_tensors\DE\12kHz OR\OR007@6_1_X131_FE_time_imgs.npy,C:\Users\root\Desktop\class\math model\paired\DE\12kHz OR\OR007@6_1_X131_FE_time_imgs_paired.npz,de/12khz or/or007@6_1.mat,13
C:\Users\root\Desktop\class\math model\dataset_tensors\DE\12kHz OR\OR007@6_2_X132_BA_time_imgs.npy,C:\Users\root\Desktop\class\math model\paired\DE\12kHz OR\OR007@6_2_X132_BA_time_imgs_paired.npz,12khz or/or007@6_2.mat,13
C:\Users\root\Desktop\class\math model\dataset_tensors\DE\12kHz OR\OR007@6_2_X132_DE_time_imgs.npy,C:\Users\root\Desktop\class\math model\paired\DE\12kHz OR\OR007@6_2_X132_DE_time_imgs_paired.npz,12khz or/or007@6_2.mat,13
C:\Users\root\Desktop\class\math model\dataset_tensors\DE\12kHz OR\OR007@6_2_X132_FE_time_imgs.npy,C:\Users\root\Desktop\class\math model\paired\DE\12kHz OR\OR007@6_2_X132_FE_time_imgs_paired.npz,12khz or/or007@6_2.mat,13
C:\Users\root\Desktop\class\math model\dataset_tensors\DE\12kHz OR\OR007@6_3_X133_BA_time_imgs.npy,C:\Users\root\Desktop\class\math model\paired\DE\12kHz OR\OR007@6_3_X133_BA_time_imgs_paired.npz,12khz or/or007@6_3.mat,13
C:\Users\root\Desktop\class\math model\dataset_tensors\DE\12kHz OR\OR007@6_3_X133_DE_time_imgs.npy,C:\Users\root\Desktop\class\math model\paired\DE\12kHz OR\OR007@6_3_X133_DE_time_imgs_paired.npz,12khz or/or007@6_3.mat,13
C:\Users\root\Desktop\class\math model\dataset_tensors\DE\12kHz OR\OR007@6_3_X133_FE_time_imgs.npy,C:\Users\root\Desktop\class\math model\paired\DE\12kHz OR\OR007@6_3_X133_FE_time_imgs_paired.npz,12khz or/or007@6_3.mat,13
C:\Users\root\Desktop\class\math model\dataset_tensors\DE\12kHz OR\OR014@6_0_X197_BA_time_imgs.npy,C:\Users\root\Desktop\class\math model\paired\DE\12kHz OR\OR014@6_0_X197_BA_time_imgs_paired.npz,12khz or/or014@6_0.mat,13
C:\Users\root\Desktop\class\math model\dataset_tensors\DE\12kHz OR\OR014@6_0_X197_DE_time_imgs.npy,C:\Users\root\Desktop\class\math model\paired\DE\12kHz OR\OR014@6_0_X197_DE_time_imgs_paired.npz,12khz or/or014@6_0.mat,13
C:\Users\root\Desktop\class\math model\dataset_tensors\DE\12kHz OR\OR014@6_0_X197_FE_time_imgs.npy,C:\Users\root\Desktop\class\math model\paired\DE\12kHz OR\OR014@6_0_X197_FE_time_imgs_paired.npz,12khz or/or014@6_0.mat,13
C:\Users\root\Desktop\class\math model\dataset_tensors\DE\12kHz OR\OR014@6_1_X198_BA_time_imgs.npy,C:\Users\root\Desktop\class\math model\paired\DE\12kHz OR\OR014@6_1_X198_BA_time_imgs_paired.npz,or014@6_1.mat,13
C:\Users\root\Desktop\class\math model\dataset_tensors\DE\12kHz OR\OR014@6_1_X198_DE_time_imgs.npy,C:\Users\root\Desktop\class\math model\paired\DE\12kHz OR\OR014@6_1_X198_DE_time_imgs_paired.npz,or014@6_1.mat,13
C:\Users\root\Desktop\class\math model\dataset_tensors\DE\12kHz OR\OR014@6_1_X198_FE_time_imgs.npy,C:\Users\root\Desktop\class\math model\paired\DE\12kHz OR\OR014@6_1_X198_FE_time_imgs_paired.npz,or014@6_1.mat,13
C:\Users\root\Desktop\class\math model\dataset_tensors\DE\12kHz OR\OR014@6_2_X199_BA_time_imgs.npy,C:\Users\root\Desktop\class\math model\paired\DE\12kHz OR\OR014@6_2_X199_BA_time_imgs_paired.npz,de/12khz or/or014@6_2.mat,13
C:\Users\root\Desktop\class\math model\dataset_tensors\DE\12kHz OR\OR014@6_2_X199_DE_time_imgs.npy,C:\Users\root\Desktop\class\math model\paired\DE\12kHz OR\OR014@6_2_X199_DE_time_imgs_paired.npz,de/12khz or/or014@6_2.mat,13
C:\Users\root\Desktop\class\math model\dataset_tensors\DE\12kHz OR\OR014@6_2_X199_FE_time_imgs.npy,C:\Users\root\Desktop\class\math model\paired\DE\12kHz OR\OR014@6_2_X199_FE_time_imgs_paired.npz,de/12khz or/or014@6_2.mat,13
C:\Users\root\Desktop\class\math model\dataset_tensors\DE\12kHz OR\OR014@6_3_X200_BA_time_imgs.npy,C:\Users\root\Desktop\class\math model\paired\DE\12kHz OR\OR014@6_3_X200_BA_time_imgs_paired.npz,or014@6_3.mat,13
C:\Users\root\Desktop\class\math model\dataset_tensors\DE\12kHz OR\OR014@6_3_X200_DE_time_imgs.npy,C:\Users\root\Desktop\class\math model\paired\DE\12kHz OR\OR014@6_3_X200_DE_time_imgs_paired.npz,or014@6_3.mat,13
C:\Users\root\Desktop\class\math model\dataset_tensors\DE\12kHz OR\OR014@6_3_X200_FE_time_imgs.npy,C:\Users\root\Desktop\class\math model\paired\DE\12kHz OR\OR014@6_3_X200_FE_time_imgs_paired.npz,or014@6_3.mat,13
C:\Users\root\Desktop\class\math model\dataset_tensors\DE\12kHz OR\OR021@12_0_X258_BA_time_imgs.npy,C:\Users\root\Desktop\class\math model\paired\DE\12kHz OR\OR021@12_0_X258_BA_time_imgs_paired.npz,de/12khz or/or021@12_0.mat,13
C:\Users\root\Desktop\class\math model\dataset_tensors\DE\12kHz OR\OR021@12_0_X258_DE_time_imgs.npy,C:\Users\root\Desktop\class\math model\paired\DE\12kHz OR\OR021@12_0_X258_DE_time_imgs_paired.npz,de/12khz or/or021@12_0.mat,13
C:\Users\root\Desktop\class\math model\dataset_tensors\DE\12kHz OR\OR021@12_0_X258_FE_time_imgs.npy,C:\Users\root\Desktop\class\math model\paired\DE\12kHz OR\OR021@12_0_X258_FE_time_imgs_paired.npz,de/12khz or/or021@12_0.mat,13
C:\Users\root\Desktop\class\math model\dataset_tensors\DE\12kHz OR\OR021@12_1_X259_BA_time_imgs.npy,C:\Users\root\Desktop\class\math model\paired\DE\12kHz OR\OR021@12_1_X259_BA_time_imgs_paired.npz,de/12khz or/or021@12_1.mat,13
C:\Users\root\Desktop\class\math model\dataset_tensors\DE\12kHz OR\OR021@12_1_X259_DE_time_imgs.npy,C:\Users\root\Desktop\class\math model\paired\DE\12kHz OR\OR021@12_1_X259_DE_time_imgs_paired.npz,de/12khz or/or021@12_1.mat,13
C:\Users\root\Desktop\class\math model\dataset_tensors\DE\12kHz OR\OR021@12_1_X259_FE_time_imgs.npy,C:\Users\root\Desktop\class\math model\paired\DE\12kHz OR\OR021@12_1_X259_FE_time_imgs_paired.npz,de/12khz or/or021@12_1.mat,13
C:\Users\root\Desktop\class\math model\dataset_tensors\DE\12kHz OR\OR021@12_2_X260_BA_time_imgs.npy,C:\Users\root\Desktop\class\math model\paired\DE\12kHz OR\OR021@12_2_X260_BA_time_imgs_paired.npz,de/12khz or/or021@12_2.mat,13
C:\Users\root\Desktop\class\math model\dataset_tensors\DE\12kHz OR\OR021@12_2_X260_DE_time_imgs.npy,C:\Users\root\Desktop\class\math model\paired\DE\12kHz OR\OR021@12_2_X260_DE_time_imgs_paired.npz,de/12khz or/or021@12_2.mat,13
C:\Users\root\Desktop\class\math model\dataset_tensors\DE\12kHz OR\OR021@12_2_X260_FE_time_imgs.npy,C:\Users\root\Desktop\class\math model\paired\DE\12kHz OR\OR021@12_2_X260_FE_time_imgs_paired.npz,de/12khz or/or021@12_2.mat,13
C:\Users\root\Desktop\class\math model\dataset_tensors\DE\12kHz OR\OR021@12_3_X261_BA_time_imgs.npy,C:\Users\root\Desktop\class\math model\paired\DE\12kHz OR\OR021@12_3_X261_BA_time_imgs_paired.npz,de/12khz or/or021@12_3.mat,13
C:\Users\root\Desktop\class\math model\dataset_tensors\DE\12kHz OR\OR021@12_3_X261_DE_time_imgs.npy,C:\Users\root\Desktop\class\math model\paired\DE\12kHz OR\OR021@12_3_X261_DE_time_imgs_paired.npz,de/12khz or/or021@12_3.mat,13
C:\Users\root\Desktop\class\math model\dataset_tensors\DE\12kHz OR\OR021@12_3_X261_FE_time_imgs.npy,C:\Users\root\Desktop\class\math model\paired\DE\12kHz OR\OR021@12_3_X261_FE_time_imgs_paired.npz,de/12khz or/or021@12_3.mat,13
C:\Users\root\Desktop\class\math model\dataset_tensors\DE\12kHz OR\OR021@3_0_X246_BA_time_imgs.npy,C:\Users\root\Desktop\class\math model\paired\DE\12kHz OR\OR021@3_0_X246_BA_time_imgs_paired.npz,de/12khz or/or021@3_0.mat,13
C:\Users\root\Desktop\class\math model\dataset_tensors\DE\12kHz OR\OR021@3_0_X246_DE_time_imgs.npy,C:\Users\root\Desktop\class\math model\paired\DE\12kHz OR\OR021@3_0_X246_DE_time_imgs_paired.npz,de/12khz or/or021@3_0.mat,13
C:\Users\root\Desktop\class\math model\dataset_tensors\DE\12kHz OR\OR021@3_0_X246_FE_time_imgs.npy,C:\Users\root\Desktop\class\math model\paired\DE\12kHz OR\OR021@3_0_X246_FE_time_imgs_paired.npz,de/12khz or/or021@3_0.mat,13
C:\Users\root\Desktop\class\math model\dataset_tensors\DE\12kHz OR\OR021@3_1_X247_BA_time_imgs.npy,C:\Users\root\Desktop\class\math model\paired\DE\12kHz OR\OR021@3_1_X247_BA_time_imgs_paired.npz,or021@3_1.mat,13
C:\Users\root\Desktop\class\math model\dataset_tensors\DE\12kHz OR\OR021@3_1_X247_DE_time_imgs.npy,C:\Users\root\Desktop\class\math model\paired\DE\12kHz OR\OR021@3_1_X247_DE_time_imgs_paired.npz,or021@3_1.mat,13
C:\Users\root\Desktop\class\math model\dataset_tensors\DE\12kHz OR\OR021@3_1_X247_FE_time_imgs.npy,C:\Users\root\Desktop\class\math model\paired\DE\12kHz OR\OR021@3_1_X247_FE_time_imgs_paired.npz,or021@3_1.mat,13
C:\Users\root\Desktop\class\math model\dataset_tensors\DE\12kHz OR\OR021@3_2_X248_BA_time_imgs.npy,C:\Users\root\Desktop\class\math model\paired\DE\12kHz OR\OR021@3_2_X248_BA_time_imgs_paired.npz,or021@3_2.mat,13
C:\Users\root\Desktop\class\math model\dataset_tensors\DE\12kHz OR\OR021@3_2_X248_DE_time_imgs.npy,C:\Users\root\Desktop\class\math model\paired\DE\12kHz OR\OR021@3_2_X248_DE_time_imgs_paired.npz,or021@3_2.mat,13
C:\Users\root\Desktop\class\math model\dataset_tensors\DE\12kHz OR\OR021@3_2_X248_FE_time_imgs.npy,C:\Users\root\Desktop\class\math model\paired\DE\12kHz OR\OR021@3_2_X248_FE_time_imgs_paired.npz,or021@3_2.mat,13
C:\Users\root\Desktop\class\math model\dataset_tensors\DE\12kHz OR\OR021@3_3_X249_BA_time_imgs.npy,C:\Users\root\Desktop\class\math model\paired\DE\12kHz OR\OR021@3_3_X249_BA_time_imgs_paired.npz,or021@3_3.mat,13
C:\Users\root\Desktop\class\math model\dataset_tensors\DE\12kHz OR\OR021@3_3_X249_DE_time_imgs.npy,C:\Users\root\Desktop\class\math model\paired\DE\12kHz OR\OR021@3_3_X249_DE_time_imgs_paired.npz,or021@3_3.mat,13
C:\Users\root\Desktop\class\math model\dataset_tensors\DE\12kHz OR\OR021@3_3_X249_FE_time_imgs.npy,C:\Users\root\Desktop\class\math model\paired\DE\12kHz OR\OR021@3_3_X249_FE_time_imgs_paired.npz,or021@3_3.mat,13
C:\Users\root\Desktop\class\math model\dataset_tensors\DE\12kHz OR\OR021@6_0_X234_BA_time_imgs.npy,C:\Users\root\Desktop\class\math model\paired\DE\12kHz OR\OR021@6_0_X234_BA_time_imgs_paired.npz,12khz or/or021@6_0.mat,13
C:\Users\root\Desktop\class\math model\dataset_tensors\DE\12kHz OR\OR021@6_0_X234_DE_time_imgs.npy,C:\Users\root\Desktop\class\math model\paired\DE\12kHz OR\OR021@6_0_X234_DE_time_imgs_paired.npz,12khz or/or021@6_0.mat,13
C:\Users\root\Desktop\class\math model\dataset_tensors\DE\12kHz OR\OR021@6_0_X234_FE_time_imgs.npy,C:\Users\root\Desktop\class\math model\paired\DE\12kHz OR\OR021@6_0_X234_FE_time_imgs_paired.npz,12khz or/or021@6_0.mat,13
C:\Users\root\Desktop\class\math model\dataset_tensors\DE\12kHz OR\OR021@6_1_X235_BA_time_imgs.npy,C:\Users\root\Desktop\class\math model\paired\DE\12kHz OR\OR021@6_1_X235_BA_time_imgs_paired.npz,12khz or/or021@6_1.mat,13
C:\Users\root\Desktop\class\math model\dataset_tensors\DE\12kHz OR\OR021@6_1_X235_DE_time_imgs.npy,C:\Users\root\Desktop\class\math model\paired\DE\12kHz OR\OR021@6_1_X235_DE_time_imgs_paired.npz,12khz or/or021@6_1.mat,13
C:\Users\root\Desktop\class\math model\dataset_tensors\DE\12kHz OR\OR021@6_1_X235_FE_time_imgs.npy,C:\Users\root\Desktop\class\math model\paired\DE\12kHz OR\OR021@6_1_X235_FE_time_imgs_paired.npz,12khz or/or021@6_1.mat,13
C:\Users\root\Desktop\class\math model\dataset_tensors\DE\12kHz OR\OR021@6_2_X236_BA_time_imgs.npy,C:\Users\root\Desktop\class\math model\paired\DE\12kHz OR\OR021@6_2_X236_BA_time_imgs_paired.npz,or021@6_2.mat,13
C:\Users\root\Desktop\class\math model\dataset_tensors\DE\12kHz OR\OR021@6_2_X236_DE_time_imgs.npy,C:\Users\root\Desktop\class\math model\paired\DE\12kHz OR\OR021@6_2_X236_DE_time_imgs_paired.npz,or021@6_2.mat,13
C:\Users\root\Desktop\class\math model\dataset_tensors\DE\12kHz OR\OR021@6_2_X236_FE_time_imgs.npy,C:\Users\root\Desktop\class\math model\paired\DE\12kHz OR\OR021@6_2_X236_FE_time_imgs_paired.npz,or021@6_2.mat,13
C:\Users\root\Desktop\class\math model\dataset_tensors\DE\12kHz OR\OR021@6_3_X237_BA_time_imgs.npy,C:\Users\root\Desktop\class\math model\paired\DE\12kHz OR\OR021@6_3_X237_BA_time_imgs_paired.npz,de/12khz or/or021@6_3.mat,13
C:\Users\root\Desktop\class\math model\dataset_tensors\DE\12kHz OR\OR021@6_3_X237_DE_time_imgs.npy,C:\Users\root\Desktop\class\math model\paired\DE\12kHz OR\OR021@6_3_X237_DE_time_imgs_paired.npz,de/12khz or/or021@6_3.mat,13
C:\Users\root\Desktop\class\math model\dataset_tensors\DE\12kHz OR\OR021@6_3_X237_FE_time_imgs.npy,C:\Users\root\Desktop\class\math model\paired\DE\12kHz OR\OR021@6_3_X237_FE_time_imgs_paired.npz,de/12khz or/or021@6_3.mat,13
C:\Users\root\Desktop\class\math model\dataset_tensors\DE\48kHz B\B007_0_X122_DE_time_imgs.npy,C:\Users\root\Desktop\class\math model\paired\DE\48kHz B\B007_0_X122_DE_time_imgs_paired.npz,de/48khz b/b007_0.mat,6
C:\Users\root\Desktop\class\math model\dataset_tensors\DE\48kHz B\B007_0_X122_FE_time_imgs.npy,C:\Users\root\Desktop\class\math model\paired\DE\48kHz B\B007_0_X122_FE_time_imgs_paired.npz,de/48khz b/b007_0.mat,6
C:\Users\root\Desktop\class\math model\dataset_tensors\DE\48kHz B\B007_1_X123_DE_time_imgs.npy,C:\Users\root\Desktop\class\math model\paired\DE\48kHz B\B007_1_X123_DE_time_imgs_paired.npz,de/48khz b/b007_1.mat,6
C:\Users\root\Desktop\class\math model\dataset_tensors\DE\48kHz B\B007_1_X123_FE_time_imgs.npy,C:\Users\root\Desktop\class\math model\paired\DE\48kHz B\B007_1_X123_FE_time_imgs_paired.npz,de/48khz b/b007_1.mat,6
C:\Users\root\Desktop\class\math model\dataset_tensors\DE\48kHz B\B007_2_X124_DE_time_imgs.npy,C:\Users\root\Desktop\class\math model\paired\DE\48kHz B\B007_2_X124_DE_time_imgs_paired.npz,b007_2.mat,6
C:\Users\root\Desktop\class\math model\dataset_tensors\DE\48kHz B\B007_2_X124_FE_time_imgs.npy,C:\Users\root\Desktop\class\math model\paired\DE\48kHz B\B007_2_X124_FE_time_imgs_paired.npz,b007_2.mat,6
C:\Users\root\Desktop\class\math model\dataset_tensors\DE\48kHz B\B007_3_X125_DE_time_imgs.npy,C:\Users\root\Desktop\class\math model\paired\DE\48kHz B\B007_3_X125_DE_time_imgs_paired.npz,b007_3.mat,6
C:\Users\root\Desktop\class\math model\dataset_tensors\DE\48kHz B\B007_3_X125_FE_time_imgs.npy,C:\Users\root\Desktop\class\math model\paired\DE\48kHz B\B007_3_X125_FE_time_imgs_paired.npz,b007_3.mat,6
C:\Users\root\Desktop\class\math model\dataset_tensors\DE\48kHz B\B014_0_X189_DE_time_imgs.npy,C:\Users\root\Desktop\class\math model\paired\DE\48kHz B\B014_0_X189_DE_time_imgs_paired.npz,b014_0.mat,6
C:\Users\root\Desktop\class\math model\dataset_tensors\DE\48kHz B\B014_0_X189_FE_time_imgs.npy,C:\Users\root\Desktop\class\math model\paired\DE\48kHz B\B014_0_X189_FE_time_imgs_paired.npz,b014_0.mat,6
C:\Users\root\Desktop\class\math model\dataset_tensors\DE\48kHz B\B014_1_X190_DE_time_imgs.npy,C:\Users\root\Desktop\class\math model\paired\DE\48kHz B\B014_1_X190_DE_time_imgs_paired.npz,de/48khz b/b014_1.mat,6
C:\Users\root\Desktop\class\math model\dataset_tensors\DE\48kHz B\B014_1_X190_FE_time_imgs.npy,C:\Users\root\Desktop\class\math model\paired\DE\48kHz B\B014_1_X190_FE_time_imgs_paired.npz,de/48khz b/b014_1.mat,6
C:\Users\root\Desktop\class\math model\dataset_tensors\DE\48kHz B\B014_2_X191_DE_time_imgs.npy,C:\Users\root\Desktop\class\math model\paired\DE\48kHz B\B014_2_X191_DE_time_imgs_paired.npz,b014_2.mat,6
C:\Users\root\Desktop\class\math model\dataset_tensors\DE\48kHz B\B014_2_X191_FE_time_imgs.npy,C:\Users\root\Desktop\class\math model\paired\DE\48kHz B\B014_2_X191_FE_time_imgs_paired.npz,b014_2.mat,6
C:\Users\root\Desktop\class\math model\dataset_tensors\DE\48kHz B\B014_3_X192_DE_time_imgs.npy,C:\Users\root\Desktop\class\math model\paired\DE\48kHz B\B014_3_X192_DE_time_imgs_paired.npz,48khz b/b014_3.mat,6
C:\Users\root\Desktop\class\math model\dataset_tensors\DE\48kHz B\B014_3_X192_FE_time_imgs.npy,C:\Users\root\Desktop\class\math model\paired\DE\48kHz B\B014_3_X192_FE_time_imgs_paired.npz,48khz b/b014_3.mat,6
C:\Users\root\Desktop\class\math model\dataset_tensors\DE\48kHz B\B021_0_X226_DE_time_imgs.npy,C:\Users\root\Desktop\class\math model\paired\DE\48kHz B\B021_0_X226_DE_time_imgs_paired.npz,de/48khz b/b021_0.mat,6
C:\Users\root\Desktop\class\math model\dataset_tensors\DE\48kHz B\B021_0_X226_FE_time_imgs.npy,C:\Users\root\Desktop\class\math model\paired\DE\48kHz B\B021_0_X226_FE_time_imgs_paired.npz,de/48khz b/b021_0.mat,6
C:\Users\root\Desktop\class\math model\dataset_tensors\DE\48kHz B\B021_1_X227_DE_time_imgs.npy,C:\Users\root\Desktop\class\math model\paired\DE\48kHz B\B021_1_X227_DE_time_imgs_paired.npz,de/48khz b/b021_1.mat,6
C:\Users\root\Desktop\class\math model\dataset_tensors\DE\48kHz B\B021_1_X227_FE_time_imgs.npy,C:\Users\root\Desktop\class\math model\paired\DE\48kHz B\B021_1_X227_FE_time_imgs_paired.npz,de/48khz b/b021_1.mat,6
C:\Users\root\Desktop\class\math model\dataset_tensors\DE\48kHz B\B021_2_X228_DE_time_imgs.npy,C:\Users\root\Desktop\class\math model\paired\DE\48kHz B\B021_2_X228_DE_time_imgs_paired.npz,48khz b/b021_2.mat,6
C:\Users\root\Desktop\class\math model\dataset_tensors\DE\48kHz B\B021_2_X228_FE_time_imgs.npy,C:\Users\root\Desktop\class\math model\paired\DE\48kHz B\B021_2_X228_FE_time_imgs_paired.npz,48khz b/b021_2.mat,6
C:\Users\root\Desktop\class\math model\dataset_tensors\DE\48kHz B\B021_3_X229_DE_time_imgs.npy,C:\Users\root\Desktop\class\math model\paired\DE\48kHz B\B021_3_X229_DE_time_imgs_paired.npz,48khz b/b021_3.mat,6
C:\Users\root\Desktop\class\math model\dataset_tensors\DE\48kHz B\B021_3_X229_FE_time_imgs.npy,C:\Users\root\Desktop\class\math model\paired\DE\48kHz B\B021_3_X229_FE_time_imgs_paired.npz,48khz b/b021_3.mat,6
C:\Users\root\Desktop\class\math model\dataset_tensors\DE\48kHz IR\IR007_0_X109_DE_time_imgs.npy,C:\Users\root\Desktop\class\math model\paired\DE\48kHz IR\IR007_0_X109_DE_time_imgs_paired.npz,de/48khz ir/ir007_0.mat,6
C:\Users\root\Desktop\class\math model\dataset_tensors\DE\48kHz IR\IR007_0_X109_FE_time_imgs.npy,C:\Users\root\Desktop\class\math model\paired\DE\48kHz IR\IR007_0_X109_FE_time_imgs_paired.npz,de/48khz ir/ir007_0.mat,6
C:\Users\root\Desktop\class\math model\dataset_tensors\DE\48kHz IR\IR007_1_X110_DE_time_imgs.npy,C:\Users\root\Desktop\class\math model\paired\DE\48kHz IR\IR007_1_X110_DE_time_imgs_paired.npz,ir007_1.mat,6
C:\Users\root\Desktop\class\math model\dataset_tensors\DE\48kHz IR\IR007_1_X110_FE_time_imgs.npy,C:\Users\root\Desktop\class\math model\paired\DE\48kHz IR\IR007_1_X110_FE_time_imgs_paired.npz,ir007_1.mat,6
C:\Users\root\Desktop\class\math model\dataset_tensors\DE\48kHz IR\IR007_2_X111_DE_time_imgs.npy,C:\Users\root\Desktop\class\math model\paired\DE\48kHz IR\IR007_2_X111_DE_time_imgs_paired.npz,de/48khz ir/ir007_2.mat,6
C:\Users\root\Desktop\class\math model\dataset_tensors\DE\48kHz IR\IR007_2_X111_FE_time_imgs.npy,C:\Users\root\Desktop\class\math model\paired\DE\48kHz IR\IR007_2_X111_FE_time_imgs_paired.npz,de/48khz ir/ir007_2.mat,6
C:\Users\root\Desktop\class\math model\dataset_tensors\DE\48kHz IR\IR007_3_X112_DE_time_imgs.npy,C:\Users\root\Desktop\class\math model\paired\DE\48kHz IR\IR007_3_X112_DE_time_imgs_paired.npz,48khz ir/ir007_3.mat,6
C:\Users\root\Desktop\class\math model\dataset_tensors\DE\48kHz IR\IR007_3_X112_FE_time_imgs.npy,C:\Users\root\Desktop\class\math model\paired\DE\48kHz IR\IR007_3_X112_FE_time_imgs_paired.npz,48khz ir/ir007_3.mat,6
C:\Users\root\Desktop\class\math model\dataset_tensors\DE\48kHz IR\IR014_0_X173_DE_time_imgs.npy,C:\Users\root\Desktop\class\math model\paired\DE\48kHz IR\IR014_0_X173_DE_time_imgs_paired.npz,48khz ir/ir014_0.mat,1
C:\Users\root\Desktop\class\math model\dataset_tensors\DE\48kHz IR\IR014_0_X173_FE_time_imgs.npy,C:\Users\root\Desktop\class\math model\paired\DE\48kHz IR\IR014_0_X173_FE_time_imgs_paired.npz,48khz ir/ir014_0.mat,1
C:\Users\root\Desktop\class\math model\dataset_tensors\DE\48kHz IR\IR014_1_X175_DE_time_imgs.npy,C:\Users\root\Desktop\class\math model\paired\DE\48kHz IR\IR014_1_X175_DE_time_imgs_paired.npz,48khz ir/ir014_1.mat,6
C:\Users\root\Desktop\class\math model\dataset_tensors\DE\48kHz IR\IR014_1_X175_FE_time_imgs.npy,C:\Users\root\Desktop\class\math model\paired\DE\48kHz IR\IR014_1_X175_FE_time_imgs_paired.npz,48khz ir/ir014_1.mat,6
C:\Users\root\Desktop\class\math model\dataset_tensors\DE\48kHz IR\IR014_2_X176_DE_time_imgs.npy,C:\Users\root\Desktop\class\math model\paired\DE\48kHz IR\IR014_2_X176_DE_time_imgs_paired.npz,48khz ir/ir014_2.mat,6
C:\Users\root\Desktop\class\math model\dataset_tensors\DE\48kHz IR\IR014_2_X176_FE_time_imgs.npy,C:\Users\root\Desktop\class\math model\paired\DE\48kHz IR\IR014_2_X176_FE_time_imgs_paired.npz,48khz ir/ir014_2.mat,6
C:\Users\root\Desktop\class\math model\dataset_tensors\DE\48kHz IR\IR014_3_X177_DE_time_imgs.npy,C:\Users\root\Desktop\class\math model\paired\DE\48kHz IR\IR014_3_X177_DE_time_imgs_paired.npz,ir014_3.mat,6
C:\Users\root\Desktop\class\math model\dataset_tensors\DE\48kHz IR\IR014_3_X177_FE_time_imgs.npy,C:\Users\root\Desktop\class\math model\paired\DE\48kHz IR\IR014_3_X177_FE_time_imgs_paired.npz,ir014_3.mat,6
C:\Users\root\Desktop\class\math model\dataset_tensors\DE\48kHz IR\IR021_0_X213_DE_time_imgs.npy,C:\Users\root\Desktop\class\math model\paired\DE\48kHz IR\IR021_0_X213_DE_time_imgs_paired.npz,ir021_0.mat,6
C:\Users\root\Desktop\class\math model\dataset_tensors\DE\48kHz IR\IR021_0_X213_FE_time_imgs.npy,C:\Users\root\Desktop\class\math model\paired\DE\48kHz IR\IR021_0_X213_FE_time_imgs_paired.npz,ir021_0.mat,6
C:\Users\root\Desktop\class\math model\dataset_tensors\DE\48kHz IR\IR021_1_X214_DE_time_imgs.npy,C:\Users\root\Desktop\class\math model\paired\DE\48kHz IR\IR021_1_X214_DE_time_imgs_paired.npz,de/48khz ir/ir021_1.mat,6
C:\Users\root\Desktop\class\math model\dataset_tensors\DE\48kHz IR\IR021_1_X214_FE_time_imgs.npy,C:\Users\root\Desktop\class\math model\paired\DE\48kHz IR\IR021_1_X214_FE_time_imgs_paired.npz,de/48khz ir/ir021_1.mat,6
C:\Users\root\Desktop\class\math model\dataset_tensors\DE\48kHz IR\IR021_2_X215_DE_time_imgs.npy,C:\Users\root\Desktop\class\math model\paired\DE\48kHz IR\IR021_2_X215_DE_time_imgs_paired.npz,ir021_2.mat,6
C:\Users\root\Desktop\class\math model\dataset_tensors\DE\48kHz IR\IR021_2_X215_FE_time_imgs.npy,C:\Users\root\Desktop\class\math model\paired\DE\48kHz IR\IR021_2_X215_FE_time_imgs_paired.npz,ir021_2.mat,6
C:\Users\root\Desktop\class\math model\dataset_tensors\DE\48kHz IR\IR021_3_X217_DE_time_imgs.npy,C:\Users\root\Desktop\class\math model\paired\DE\48kHz IR\IR021_3_X217_DE_time_imgs_paired.npz,ir021_3.mat,6
C:\Users\root\Desktop\class\math model\dataset_tensors\DE\48kHz IR\IR021_3_X217_FE_time_imgs.npy,C:\Users\root\Desktop\class\math model\paired\DE\48kHz IR\IR021_3_X217_FE_time_imgs_paired.npz,ir021_3.mat,6
C:\Users\root\Desktop\class\math model\dataset_tensors\DE\48kHz OR\OR007@12_0_X161_DE_time_imgs.npy,C:\Users\root\Desktop\class\math model\paired\DE\48kHz OR\OR007@12_0_X161_DE_time_imgs_paired.npz,de/48khz or/or007@12_0.mat,4
C:\Users\root\Desktop\class\math model\dataset_tensors\DE\48kHz OR\OR007@12_0_X161_FE_time_imgs.npy,C:\Users\root\Desktop\class\math model\paired\DE\48kHz OR\OR007@12_0_X161_FE_time_imgs_paired.npz,de/48khz or/or007@12_0.mat,4
C:\Users\root\Desktop\class\math model\dataset_tensors\DE\48kHz OR\OR007@12_1_X162_DE_time_imgs.npy,C:\Users\root\Desktop\class\math model\paired\DE\48kHz OR\OR007@12_1_X162_DE_time_imgs_paired.npz,de/48khz or/or007@12_1.mat,6
C:\Users\root\Desktop\class\math model\dataset_tensors\DE\48kHz OR\OR007@12_1_X162_FE_time_imgs.npy,C:\Users\root\Desktop\class\math model\paired\DE\48kHz OR\OR007@12_1_X162_FE_time_imgs_paired.npz,de/48khz or/or007@12_1.mat,6
C:\Users\root\Desktop\class\math model\dataset_tensors\DE\48kHz OR\OR007@12_2_X163_DE_time_imgs.npy,C:\Users\root\Desktop\class\math model\paired\DE\48kHz OR\OR007@12_2_X163_DE_time_imgs_paired.npz,de/48khz or/or007@12_2.mat,6
C:\Users\root\Desktop\class\math model\dataset_tensors\DE\48kHz OR\OR007@12_2_X163_FE_time_imgs.npy,C:\Users\root\Desktop\class\math model\paired\DE\48kHz OR\OR007@12_2_X163_FE_time_imgs_paired.npz,de/48khz or/or007@12_2.mat,6
C:\Users\root\Desktop\class\math model\dataset_tensors\DE\48kHz OR\OR007@12_3_X164_DE_time_imgs.npy,C:\Users\root\Desktop\class\math model\paired\DE\48kHz OR\OR007@12_3_X164_DE_time_imgs_paired.npz,or007@12_3.mat,6
C:\Users\root\Desktop\class\math model\dataset_tensors\DE\48kHz OR\OR007@12_3_X164_FE_time_imgs.npy,C:\Users\root\Desktop\class\math model\paired\DE\48kHz OR\OR007@12_3_X164_FE_time_imgs_paired.npz,or007@12_3.mat,6
C:\Users\root\Desktop\class\math model\dataset_tensors\DE\48kHz OR\OR007@3_0_X148_DE_time_imgs.npy,C:\Users\root\Desktop\class\math model\paired\DE\48kHz OR\OR007@3_0_X148_DE_time_imgs_paired.npz,de/48khz or/or007@3_0.mat,3
C:\Users\root\Desktop\class\math model\dataset_tensors\DE\48kHz OR\OR007@3_0_X148_FE_time_imgs.npy,C:\Users\root\Desktop\class\math model\paired\DE\48kHz OR\OR007@3_0_X148_FE_time_imgs_paired.npz,de/48khz or/or007@3_0.mat,3
C:\Users\root\Desktop\class\math model\dataset_tensors\DE\48kHz OR\OR007@3_1_X149_DE_time_imgs.npy,C:\Users\root\Desktop\class\math model\paired\DE\48kHz OR\OR007@3_1_X149_DE_time_imgs_paired.npz,de/48khz or/or007@3_1.mat,6
C:\Users\root\Desktop\class\math model\dataset_tensors\DE\48kHz OR\OR007@3_1_X149_FE_time_imgs.npy,C:\Users\root\Desktop\class\math model\paired\DE\48kHz OR\OR007@3_1_X149_FE_time_imgs_paired.npz,de/48khz or/or007@3_1.mat,6
C:\Users\root\Desktop\class\math model\dataset_tensors\DE\48kHz OR\OR007@3_2_X150_DE_time_imgs.npy,C:\Users\root\Desktop\class\math model\paired\DE\48kHz OR\OR007@3_2_X150_DE_time_imgs_paired.npz,48khz or/or007@3_2.mat,6
C:\Users\root\Desktop\class\math model\dataset_tensors\DE\48kHz OR\OR007@3_2_X150_FE_time_imgs.npy,C:\Users\root\Desktop\class\math model\paired\DE\48kHz OR\OR007@3_2_X150_FE_time_imgs_paired.npz,48khz or/or007@3_2.mat,6
C:\Users\root\Desktop\class\math model\dataset_tensors\DE\48kHz OR\OR007@3_3_X151_DE_time_imgs.npy,C:\Users\root\Desktop\class\math model\paired\DE\48kHz OR\OR007@3_3_X151_DE_time_imgs_paired.npz,de/48khz or/or007@3_3.mat,6
C:\Users\root\Desktop\class\math model\dataset_tensors\DE\48kHz OR\OR007@3_3_X151_FE_time_imgs.npy,C:\Users\root\Desktop\class\math model\paired\DE\48kHz OR\OR007@3_3_X151_FE_time_imgs_paired.npz,de/48khz or/or007@3_3.mat,6
C:\Users\root\Desktop\class\math model\dataset_tensors\DE\48kHz OR\OR007@6_0_X135_DE_time_imgs.npy,C:\Users\root\Desktop\class\math model\paired\DE\48kHz OR\OR007@6_0_X135_DE_time_imgs_paired.npz,48khz or/or007@6_0.mat,6
C:\Users\root\Desktop\class\math model\dataset_tensors\DE\48kHz OR\OR007@6_0_X135_FE_time_imgs.npy,C:\Users\root\Desktop\class\math model\paired\DE\48kHz OR\OR007@6_0_X135_FE_time_imgs_paired.npz,48khz or/or007@6_0.mat,6
C:\Users\root\Desktop\class\math model\dataset_tensors\DE\48kHz OR\OR007@6_1_X136_DE_time_imgs.npy,C:\Users\root\Desktop\class\math model\paired\DE\48kHz OR\OR007@6_1_X136_DE_time_imgs_paired.npz,48khz or/or007@6_1.mat,6
C:\Users\root\Desktop\class\math model\dataset_tensors\DE\48kHz OR\OR007@6_1_X136_FE_time_imgs.npy,C:\Users\root\Desktop\class\math model\paired\DE\48kHz OR\OR007@6_1_X136_FE_time_imgs_paired.npz,48khz or/or007@6_1.mat,6
C:\Users\root\Desktop\class\math model\dataset_tensors\DE\48kHz OR\OR007@6_2_X137_DE_time_imgs.npy,C:\Users\root\Desktop\class\math model\paired\DE\48kHz OR\OR007@6_2_X137_DE_time_imgs_paired.npz,de/48khz or/or007@6_2.mat,6
C:\Users\root\Desktop\class\math model\dataset_tensors\DE\48kHz OR\OR007@6_2_X137_FE_time_imgs.npy,C:\Users\root\Desktop\class\math model\paired\DE\48kHz OR\OR007@6_2_X137_FE_time_imgs_paired.npz,de/48khz or/or007@6_2.mat,6
C:\Users\root\Desktop\class\math model\dataset_tensors\DE\48kHz OR\OR007@6_3_X138_DE_time_imgs.npy,C:\Users\root\Desktop\class\math model\paired\DE\48kHz OR\OR007@6_3_X138_DE_time_imgs_paired.npz,de/48khz or/or007@6_3.mat,6
C:\Users\root\Desktop\class\math model\dataset_tensors\DE\48kHz OR\OR007@6_3_X138_FE_time_imgs.npy,C:\Users\root\Desktop\class\math model\paired\DE\48kHz OR\OR007@6_3_X138_FE_time_imgs_paired.npz,de/48khz or/or007@6_3.mat,6
C:\Users\root\Desktop\class\math model\dataset_tensors\DE\48kHz OR\OR014@6_0_X201_DE_time_imgs.npy,C:\Users\root\Desktop\class\math model\paired\DE\48kHz OR\OR014@6_0_X201_DE_time_imgs_paired.npz,48khz or/or014@6_0.mat,6
C:\Users\root\Desktop\class\math model\dataset_tensors\DE\48kHz OR\OR014@6_0_X201_FE_time_imgs.npy,C:\Users\root\Desktop\class\math model\paired\DE\48kHz OR\OR014@6_0_X201_FE_time_imgs_paired.npz,48khz or/or014@6_0.mat,6
C:\Users\root\Desktop\class\math model\dataset_tensors\DE\48kHz OR\OR014@6_1_X202_DE_time_imgs.npy,C:\Users\root\Desktop\class\math model\paired\DE\48kHz OR\OR014@6_1_X202_DE_time_imgs_paired.npz,de/48khz or/or014@6_1.mat,6
C:\Users\root\Desktop\class\math model\dataset_tensors\DE\48kHz OR\OR014@6_1_X202_FE_time_imgs.npy,C:\Users\root\Desktop\class\math model\paired\DE\48kHz OR\OR014@6_1_X202_FE_time_imgs_paired.npz,de/48khz or/or014@6_1.mat,6
C:\Users\root\Desktop\class\math model\dataset_tensors\DE\48kHz OR\OR014@6_2_X203_DE_time_imgs.npy,C:\Users\root\Desktop\class\math model\paired\DE\48kHz OR\OR014@6_2_X203_DE_time_imgs_paired.npz,48khz or/or014@6_2.mat,6
C:\Users\root\Desktop\class\math model\dataset_tensors\DE\48kHz OR\OR014@6_2_X203_FE_time_imgs.npy,C:\Users\root\Desktop\class\math model\paired\DE\48kHz OR\OR014@6_2_X203_FE_time_imgs_paired.npz,48khz or/or014@6_2.mat,6
C:\Users\root\Desktop\class\math model\dataset_tensors\DE\48kHz OR\OR014@6_3_X204_DE_time_imgs.npy,C:\Users\root\Desktop\class\math model\paired\DE\48kHz OR\OR014@6_3_X204_DE_time_imgs_paired.npz,or014@6_3.mat,6
C:\Users\root\Desktop\class\math model\dataset_tensors\DE\48kHz OR\OR014@6_3_X204_FE_time_imgs.npy,C:\Users\root\Desktop\class\math model\paired\DE\48kHz OR\OR014@6_3_X204_FE_time_imgs_paired.npz,or014@6_3.mat,6
C:\Users\root\Desktop\class\math model\dataset_tensors\DE\48kHz OR\OR021@12_0_X262_DE_time_imgs.npy,C:\Users\root\Desktop\class\math model\paired\DE\48kHz OR\OR021@12_0_X262_DE_time_imgs_paired.npz,or021@12_0.mat,4
C:\Users\root\Desktop\class\math model\dataset_tensors\DE\48kHz OR\OR021@12_0_X262_FE_time_imgs.npy,C:\Users\root\Desktop\class\math model\paired\DE\48kHz OR\OR021@12_0_X262_FE_time_imgs_paired.npz,or021@12_0.mat,4
C:\Users\root\Desktop\class\math model\dataset_tensors\DE\48kHz OR\OR021@12_1_X263_DE_time_imgs.npy,C:\Users\root\Desktop\class\math model\paired\DE\48kHz OR\OR021@12_1_X263_DE_time_imgs_paired.npz,or021@12_1.mat,6
C:\Users\root\Desktop\class\math model\dataset_tensors\DE\48kHz OR\OR021@12_1_X263_FE_time_imgs.npy,C:\Users\root\Desktop\class\math model\paired\DE\48kHz OR\OR021@12_1_X263_FE_time_imgs_paired.npz,or021@12_1.mat,6
C:\Users\root\Desktop\class\math model\dataset_tensors\DE\48kHz OR\OR021@12_2_X264_DE_time_imgs.npy,C:\Users\root\Desktop\class\math model\paired\DE\48kHz OR\OR021@12_2_X264_DE_time_imgs_paired.npz,48khz or/or021@12_2.mat,6
C:\Users\root\Desktop\class\math model\dataset_tensors\DE\48kHz OR\OR021@12_2_X264_FE_time_imgs.npy,C:\Users\root\Desktop\class\math model\paired\DE\48kHz OR\OR021@12_2_X264_FE_time_imgs_paired.npz,48khz or/or021@12_2.mat,6
C:\Users\root\Desktop\class\math model\dataset_tensors\DE\48kHz OR\OR021@12_3_X265_DE_time_imgs.npy,C:\Users\root\Desktop\class\math model\paired\DE\48kHz OR\OR021@12_3_X265_DE_time_imgs_paired.npz,de/48khz or/or021@12_3.mat,6
C:\Users\root\Desktop\class\math model\dataset_tensors\DE\48kHz OR\OR021@12_3_X265_FE_time_imgs.npy,C:\Users\root\Desktop\class\math model\paired\DE\48kHz OR\OR021@12_3_X265_FE_time_imgs_paired.npz,de/48khz or/or021@12_3.mat,6
C:\Users\root\Desktop\class\math model\dataset_tensors\DE\48kHz OR\OR021@3_0_X250_DE_time_imgs.npy,C:\Users\root\Desktop\class\math model\paired\DE\48kHz OR\OR021@3_0_X250_DE_time_imgs_paired.npz,de/48khz or/or021@3_0.mat,4
C:\Users\root\Desktop\class\math model\dataset_tensors\DE\48kHz OR\OR021@3_0_X250_FE_time_imgs.npy,C:\Users\root\Desktop\class\math model\paired\DE\48kHz OR\OR021@3_0_X250_FE_time_imgs_paired.npz,de/48khz or/or021@3_0.mat,4
C:\Users\root\Desktop\class\math model\dataset_tensors\DE\48kHz OR\OR021@3_1_X251_DE_time_imgs.npy,C:\Users\root\Desktop\class\math model\paired\DE\48kHz OR\OR021@3_1_X251_DE_time_imgs_paired.npz,de/48khz or/or021@3_1.mat,6
C:\Users\root\Desktop\class\math model\dataset_tensors\DE\48kHz OR\OR021@3_1_X251_FE_time_imgs.npy,C:\Users\root\Desktop\class\math model\paired\DE\48kHz OR\OR021@3_1_X251_FE_time_imgs_paired.npz,de/48khz or/or021@3_1.mat,6
C:\Users\root\Desktop\class\math model\dataset_tensors\DE\48kHz OR\OR021@3_2_X252_DE_time_imgs.npy,C:\Users\root\Desktop\class\math model\paired\DE\48kHz OR\OR021@3_2_X252_DE_time_imgs_paired.npz,or021@3_2.mat,6
C:\Users\root\Desktop\class\math model\dataset_tensors\DE\48kHz OR\OR021@3_2_X252_FE_time_imgs.npy,C:\Users\root\Desktop\class\math model\paired\DE\48kHz OR\OR021@3_2_X252_FE_time_imgs_paired.npz,or021@3_2.mat,6
C:\Users\root\Desktop\class\math model\dataset_tensors\DE\48kHz OR\OR021@3_3_X253_DE_time_imgs.npy,C:\Users\root\Desktop\class\math model\paired\DE\48kHz OR\OR021@3_3_X253_DE_time_imgs_paired.npz,or021@3_3.mat,6
C:\Users\root\Desktop\class\math model\dataset_tensors\DE\48kHz OR\OR021@3_3_X253_FE_time_imgs.npy,C:\Users\root\Desktop\class\math model\paired\DE\48kHz OR\OR021@3_3_X253_FE_time_imgs_paired.npz,or021@3_3.mat,6
C:\Users\root\Desktop\class\math model\dataset_tensors\DE\48kHz OR\OR021@6_0_X238_DE_time_imgs.npy,C:\Users\root\Desktop\class\math model\paired\DE\48kHz OR\OR021@6_0_X238_DE_time_imgs_paired.npz,de/48khz or/or021@6_0.mat,6
C:\Users\root\Desktop\class\math model\dataset_tensors\DE\48kHz OR\OR021@6_0_X238_FE_time_imgs.npy,C:\Users\root\Desktop\class\math model\paired\DE\48kHz OR\OR021@6_0_X238_FE_time_imgs_paired.npz,de/48khz or/or021@6_0.mat,6
C:\Users\root\Desktop\class\math model\dataset_tensors\DE\48kHz OR\OR021@6_1_X239_DE_time_imgs.npy,C:\Users\root\Desktop\class\math model\paired\DE\48kHz OR\OR021@6_1_X239_DE_time_imgs_paired.npz,48khz or/or021@6_1.mat,6
C:\Users\root\Desktop\class\math model\dataset_tensors\DE\48kHz OR\OR021@6_1_X239_FE_time_imgs.npy,C:\Users\root\Desktop\class\math model\paired\DE\48kHz OR\OR021@6_1_X239_FE_time_imgs_paired.npz,48khz or/or021@6_1.mat,6
C:\Users\root\Desktop\class\math model\dataset_tensors\DE\48kHz OR\OR021@6_2_X240_DE_time_imgs.npy,C:\Users\root\Desktop\class\math model\paired\DE\48kHz OR\OR021@6_2_X240_DE_time_imgs_paired.npz,48khz or/or021@6_2.mat,6
C:\Users\root\Desktop\class\math model\dataset_tensors\DE\48kHz OR\OR021@6_2_X240_FE_time_imgs.npy,C:\Users\root\Desktop\class\math model\paired\DE\48kHz OR\OR021@6_2_X240_FE_time_imgs_paired.npz,48khz or/or021@6_2.mat,6
C:\Users\root\Desktop\class\math model\dataset_tensors\DE\48kHz OR\OR021@6_3_X241_DE_time_imgs.npy,C:\Users\root\Desktop\class\math model\paired\DE\48kHz OR\OR021@6_3_X241_DE_time_imgs_paired.npz,48khz or/or021@6_3.mat,6
C:\Users\root\Desktop\class\math model\dataset_tensors\DE\48kHz OR\OR021@6_3_X241_FE_time_imgs.npy,C:\Users\root\Desktop\class\math model\paired\DE\48kHz OR\OR021@6_3_X241_FE_time_imgs_paired.npz,48khz or/or021@6_3.mat,6
C:\Users\root\Desktop\class\math model\dataset_tensors\FE\12kHz B\B007_0_X282_BA_time_imgs.npy,C:\Users\root\Desktop\class\math model\paired\FE\12kHz B\B007_0_X282_BA_time_imgs_paired.npz,12khz b/b007_0.mat,13
C:\Users\root\Desktop\class\math model\dataset_tensors\FE\12kHz B\B007_0_X282_DE_time_imgs.npy,C:\Users\root\Desktop\class\math model\paired\FE\12kHz B\B007_0_X282_DE_time_imgs_paired.npz,12khz b/b007_0.mat,13
C:\Users\root\Desktop\class\math model\dataset_tensors\FE\12kHz B\B007_0_X282_FE_time_imgs.npy,C:\Users\root\Desktop\class\math model\paired\FE\12kHz B\B007_0_X282_FE_time_imgs_paired.npz,12khz b/b007_0.mat,13
C:\Users\root\Desktop\class\math model\dataset_tensors\FE\12kHz B\B007_1_X283_BA_time_imgs.npy,C:\Users\root\Desktop\class\math model\paired\FE\12kHz B\B007_1_X283_BA_time_imgs_paired.npz,fe/12khz b/b007_1.mat,13
C:\Users\root\Desktop\class\math model\dataset_tensors\FE\12kHz B\B007_1_X283_DE_time_imgs.npy,C:\Users\root\Desktop\class\math model\paired\FE\12kHz B\B007_1_X283_DE_time_imgs_paired.npz,fe/12khz b/b007_1.mat,13
C:\Users\root\Desktop\class\math model\dataset_tensors\FE\12kHz B\B007_1_X283_FE_time_imgs.npy,C:\Users\root\Desktop\class\math model\paired\FE\12kHz B\B007_1_X283_FE_time_imgs_paired.npz,fe/12khz b/b007_1.mat,13
C:\Users\root\Desktop\class\math model\dataset_tensors\FE\12kHz B\B007_2_X284_BA_time_imgs.npy,C:\Users\root\Desktop\class\math model\paired\FE\12kHz B\B007_2_X284_BA_time_imgs_paired.npz,fe/12khz b/b007_2.mat,13
C:\Users\root\Desktop\class\math model\dataset_tensors\FE\12kHz B\B007_2_X284_DE_time_imgs.npy,C:\Users\root\Desktop\class\math model\paired\FE\12kHz B\B007_2_X284_DE_time_imgs_paired.npz,fe/12khz b/b007_2.mat,13
C:\Users\root\Desktop\class\math model\dataset_tensors\FE\12kHz B\B007_2_X284_FE_time_imgs.npy,C:\Users\root\Desktop\class\math model\paired\FE\12kHz B\B007_2_X284_FE_time_imgs_paired.npz,fe/12khz b/b007_2.mat,13
C:\Users\root\Desktop\class\math model\dataset_tensors\FE\12kHz B\B007_3_X285_BA_time_imgs.npy,C:\Users\root\Desktop\class\math model\paired\FE\12kHz B\B007_3_X285_BA_time_imgs_paired.npz,b007_3.mat,13
C:\Users\root\Desktop\class\math model\dataset_tensors\FE\12kHz B\B007_3_X285_DE_time_imgs.npy,C:\Users\root\Desktop\class\math model\paired\FE\12kHz B\B007_3_X285_DE_time_imgs_paired.npz,b007_3.mat,13
C:\Users\root\Desktop\class\math model\dataset_tensors\FE\12kHz B\B007_3_X285_FE_time_imgs.npy,C:\Users\root\Desktop\class\math model\paired\FE\12kHz B\B007_3_X285_FE_time_imgs_paired.npz,b007_3.mat,13
C:\Users\root\Desktop\class\math model\dataset_tensors\FE\12kHz B\B014_0_X286_BA_time_imgs.npy,C:\Users\root\Desktop\class\math model\paired\FE\12kHz B\B014_0_X286_BA_time_imgs_paired.npz,12khz b/b014_0.mat,13
C:\Users\root\Desktop\class\math model\dataset_tensors\FE\12kHz B\B014_0_X286_DE_time_imgs.npy,C:\Users\root\Desktop\class\math model\paired\FE\12kHz B\B014_0_X286_DE_time_imgs_paired.npz,12khz b/b014_0.mat,13
C:\Users\root\Desktop\class\math model\dataset_tensors\FE\12kHz B\B014_0_X286_FE_time_imgs.npy,C:\Users\root\Desktop\class\math model\paired\FE\12kHz B\B014_0_X286_FE_time_imgs_paired.npz,12khz b/b014_0.mat,13
C:\Users\root\Desktop\class\math model\dataset_tensors\FE\12kHz B\B014_1_X287_BA_time_imgs.npy,C:\Users\root\Desktop\class\math model\paired\FE\12kHz B\B014_1_X287_BA_time_imgs_paired.npz,fe/12khz b/b014_1.mat,13
C:\Users\root\Desktop\class\math model\dataset_tensors\FE\12kHz B\B014_1_X287_DE_time_imgs.npy,C:\Users\root\Desktop\class\math model\paired\FE\12kHz B\B014_1_X287_DE_time_imgs_paired.npz,fe/12khz b/b014_1.mat,13
C:\Users\root\Desktop\class\math model\dataset_tensors\FE\12kHz B\B014_1_X287_FE_time_imgs.npy,C:\Users\root\Desktop\class\math model\paired\FE\12kHz B\B014_1_X287_FE_time_imgs_paired.npz,fe/12khz b/b014_1.mat,13
C:\Users\root\Desktop\class\math model\dataset_tensors\FE\12kHz B\B014_2_X288_BA_time_imgs.npy,C:\Users\root\Desktop\class\math model\paired\FE\12kHz B\B014_2_X288_BA_time_imgs_paired.npz,b014_2.mat,13
C:\Users\root\Desktop\class\math model\dataset_tensors\FE\12kHz B\B014_2_X288_DE_time_imgs.npy,C:\Users\root\Desktop\class\math model\paired\FE\12kHz B\B014_2_X288_DE_time_imgs_paired.npz,b014_2.mat,13
C:\Users\root\Desktop\class\math model\dataset_tensors\FE\12kHz B\B014_2_X288_FE_time_imgs.npy,C:\Users\root\Desktop\class\math model\paired\FE\12kHz B\B014_2_X288_FE_time_imgs_paired.npz,b014_2.mat,13
C:\Users\root\Desktop\class\math model\dataset_tensors\FE\12kHz B\B014_3_X289_BA_time_imgs.npy,C:\Users\root\Desktop\class\math model\paired\FE\12kHz B\B014_3_X289_BA_time_imgs_paired.npz,12khz b/b014_3.mat,13
C:\Users\root\Desktop\class\math model\dataset_tensors\FE\12kHz B\B014_3_X289_DE_time_imgs.npy,C:\Users\root\Desktop\class\math model\paired\FE\12kHz B\B014_3_X289_DE_time_imgs_paired.npz,12khz b/b014_3.mat,13
C:\Users\root\Desktop\class\math model\dataset_tensors\FE\12kHz B\B014_3_X289_FE_time_imgs.npy,C:\Users\root\Desktop\class\math model\paired\FE\12kHz B\B014_3_X289_FE_time_imgs_paired.npz,12khz b/b014_3.mat,13
C:\Users\root\Desktop\class\math model\dataset_tensors\FE\12kHz B\B021_0_X290_BA_time_imgs.npy,C:\Users\root\Desktop\class\math model\paired\FE\12kHz B\B021_0_X290_BA_time_imgs_paired.npz,b021_0.mat,13
C:\Users\root\Desktop\class\math model\dataset_tensors\FE\12kHz B\B021_0_X290_DE_time_imgs.npy,C:\Users\root\Desktop\class\math model\paired\FE\12kHz B\B021_0_X290_DE_time_imgs_paired.npz,b021_0.mat,13
C:\Users\root\Desktop\class\math model\dataset_tensors\FE\12kHz B\B021_0_X290_FE_time_imgs.npy,C:\Users\root\Desktop\class\math model\paired\FE\12kHz B\B021_0_X290_FE_time_imgs_paired.npz,b021_0.mat,13
C:\Users\root\Desktop\class\math model\dataset_tensors\FE\12kHz B\B021_1_X291_BA_time_imgs.npy,C:\Users\root\Desktop\class\math model\paired\FE\12kHz B\B021_1_X291_BA_time_imgs_paired.npz,b021_1.mat,13
C:\Users\root\Desktop\class\math model\dataset_tensors\FE\12kHz B\B021_1_X291_DE_time_imgs.npy,C:\Users\root\Desktop\class\math model\paired\FE\12kHz B\B021_1_X291_DE_time_imgs_paired.npz,b021_1.mat,13
C:\Users\root\Desktop\class\math model\dataset_tensors\FE\12kHz B\B021_1_X291_FE_time_imgs.npy,C:\Users\root\Desktop\class\math model\paired\FE\12kHz B\B021_1_X291_FE_time_imgs_paired.npz,b021_1.mat,13
C:\Users\root\Desktop\class\math model\dataset_tensors\FE\12kHz B\B021_2_X292_BA_time_imgs.npy,C:\Users\root\Desktop\class\math model\paired\FE\12kHz B\B021_2_X292_BA_time_imgs_paired.npz,b021_2.mat,13
C:\Users\root\Desktop\class\math model\dataset_tensors\FE\12kHz B\B021_2_X292_DE_time_imgs.npy,C:\Users\root\Desktop\class\math model\paired\FE\12kHz B\B021_2_X292_DE_time_imgs_paired.npz,b021_2.mat,13
C:\Users\root\Desktop\class\math model\dataset_tensors\FE\12kHz B\B021_2_X292_FE_time_imgs.npy,C:\Users\root\Desktop\class\math model\paired\FE\12kHz B\B021_2_X292_FE_time_imgs_paired.npz,b021_2.mat,13
C:\Users\root\Desktop\class\math model\dataset_tensors\FE\12kHz B\B021_3_X293_BA_time_imgs.npy,C:\Users\root\Desktop\class\math model\paired\FE\12kHz B\B021_3_X293_BA_time_imgs_paired.npz,12khz b/b021_3.mat,13
C:\Users\root\Desktop\class\math model\dataset_tensors\FE\12kHz B\B021_3_X293_DE_time_imgs.npy,C:\Users\root\Desktop\class\math model\paired\FE\12kHz B\B021_3_X293_DE_time_imgs_paired.npz,12khz b/b021_3.mat,13
C:\Users\root\Desktop\class\math model\dataset_tensors\FE\12kHz B\B021_3_X293_FE_time_imgs.npy,C:\Users\root\Desktop\class\math model\paired\FE\12kHz B\B021_3_X293_FE_time_imgs_paired.npz,12khz b/b021_3.mat,13
C:\Users\root\Desktop\class\math model\dataset_tensors\FE\12kHz IR\IR007_0_X278_BA_time_imgs.npy,C:\Users\root\Desktop\class\math model\paired\FE\12kHz IR\IR007_0_X278_BA_time_imgs_paired.npz,ir007_0.mat,13
C:\Users\root\Desktop\class\math model\dataset_tensors\FE\12kHz IR\IR007_0_X278_DE_time_imgs.npy,C:\Users\root\Desktop\class\math model\paired\FE\12kHz IR\IR007_0_X278_DE_time_imgs_paired.npz,ir007_0.mat,13
C:\Users\root\Desktop\class\math model\dataset_tensors\FE\12kHz IR\IR007_0_X278_FE_time_imgs.npy,C:\Users\root\Desktop\class\math model\paired\FE\12kHz IR\IR007_0_X278_FE_time_imgs_paired.npz,ir007_0.mat,13
C:\Users\root\Desktop\class\math model\dataset_tensors\FE\12kHz IR\IR007_1_X279_BA_time_imgs.npy,C:\Users\root\Desktop\class\math model\paired\FE\12kHz IR\IR007_1_X279_BA_time_imgs_paired.npz,fe/12khz ir/ir007_1.mat,13
C:\Users\root\Desktop\class\math model\dataset_tensors\FE\12kHz IR\IR007_1_X279_DE_time_imgs.npy,C:\Users\root\Desktop\class\math model\paired\FE\12kHz IR\IR007_1_X279_DE_time_imgs_paired.npz,fe/12khz ir/ir007_1.mat,13
C:\Users\root\Desktop\class\math model\dataset_tensors\FE\12kHz IR\IR007_1_X279_FE_time_imgs.npy,C:\Users\root\Desktop\class\math model\paired\FE\12kHz IR\IR007_1_X279_FE_time_imgs_paired.npz,fe/12khz ir/ir007_1.mat,13
C:\Users\root\Desktop\class\math model\dataset_tensors\FE\12kHz IR\IR007_2_X280_BA_time_imgs.npy,C:\Users\root\Desktop\class\math model\paired\FE\12kHz IR\IR007_2_X280_BA_time_imgs_paired.npz,12khz ir/ir007_2.mat,13
C:\Users\root\Desktop\class\math model\dataset_tensors\FE\12kHz IR\IR007_2_X280_DE_time_imgs.npy,C:\Users\root\Desktop\class\math model\paired\FE\12kHz IR\IR007_2_X280_DE_time_imgs_paired.npz,12khz ir/ir007_2.mat,13
C:\Users\root\Desktop\class\math model\dataset_tensors\FE\12kHz IR\IR007_2_X280_FE_time_imgs.npy,C:\Users\root\Desktop\class\math model\paired\FE\12kHz IR\IR007_2_X280_FE_time_imgs_paired.npz,12khz ir/ir007_2.mat,13
C:\Users\root\Desktop\class\math model\dataset_tensors\FE\12kHz IR\IR007_3_X281_BA_time_imgs.npy,C:\Users\root\Desktop\class\math model\paired\FE\12kHz IR\IR007_3_X281_BA_time_imgs_paired.npz,ir007_3.mat,13
C:\Users\root\Desktop\class\math model\dataset_tensors\FE\12kHz IR\IR007_3_X281_DE_time_imgs.npy,C:\Users\root\Desktop\class\math model\paired\FE\12kHz IR\IR007_3_X281_DE_time_imgs_paired.npz,ir007_3.mat,13
C:\Users\root\Desktop\class\math model\dataset_tensors\FE\12kHz IR\IR007_3_X281_FE_time_imgs.npy,C:\Users\root\Desktop\class\math model\paired\FE\12kHz IR\IR007_3_X281_FE_time_imgs_paired.npz,ir007_3.mat,13
C:\Users\root\Desktop\class\math model\dataset_tensors\FE\12kHz IR\IR014_0_X274_BA_time_imgs.npy,C:\Users\root\Desktop\class\math model\paired\FE\12kHz IR\IR014_0_X274_BA_time_imgs_paired.npz,12khz ir/ir014_0.mat,13
C:\Users\root\Desktop\class\math model\dataset_tensors\FE\12kHz IR\IR014_0_X274_DE_time_imgs.npy,C:\Users\root\Desktop\class\math model\paired\FE\12kHz IR\IR014_0_X274_DE_time_imgs_paired.npz,12khz ir/ir014_0.mat,13
C:\Users\root\Desktop\class\math model\dataset_tensors\FE\12kHz IR\IR014_0_X274_FE_time_imgs.npy,C:\Users\root\Desktop\class\math model\paired\FE\12kHz IR\IR014_0_X274_FE_time_imgs_paired.npz,12khz ir/ir014_0.mat,13
C:\Users\root\Desktop\class\math model\dataset_tensors\FE\12kHz IR\IR014_1_X275_BA_time_imgs.npy,C:\Users\root\Desktop\class\math model\paired\FE\12kHz IR\IR014_1_X275_BA_time_imgs_paired.npz,12khz ir/ir014_1.mat,13
C:\Users\root\Desktop\class\math model\dataset_tensors\FE\12kHz IR\IR014_1_X275_DE_time_imgs.npy,C:\Users\root\Desktop\class\math model\paired\FE\12kHz IR\IR014_1_X275_DE_time_imgs_paired.npz,12khz ir/ir014_1.mat,13
C:\Users\root\Desktop\class\math model\dataset_tensors\FE\12kHz IR\IR014_1_X275_FE_time_imgs.npy,C:\Users\root\Desktop\class\math model\paired\FE\12kHz IR\IR014_1_X275_FE_time_imgs_paired.npz,12khz ir/ir014_1.mat,13
C:\Users\root\Desktop\class\math model\dataset_tensors\FE\12kHz IR\IR014_2_X276_BA_time_imgs.npy,C:\Users\root\Desktop\class\math model\paired\FE\12kHz IR\IR014_2_X276_BA_time_imgs_paired.npz,fe/12khz ir/ir014_2.mat,13
C:\Users\root\Desktop\class\math model\dataset_tensors\FE\12kHz IR\IR014_2_X276_DE_time_imgs.npy,C:\Users\root\Desktop\class\math model\paired\FE\12kHz IR\IR014_2_X276_DE_time_imgs_paired.npz,fe/12khz ir/ir014_2.mat,13
C:\Users\root\Desktop\class\math model\dataset_tensors\FE\12kHz IR\IR014_2_X276_FE_time_imgs.npy,C:\Users\root\Desktop\class\math model\paired\FE\12kHz IR\IR014_2_X276_FE_time_imgs_paired.npz,fe/12khz ir/ir014_2.mat,13
C:\Users\root\Desktop\class\math model\dataset_tensors\FE\12kHz IR\IR014_3_X277_BA_time_imgs.npy,C:\Users\root\Desktop\class\math model\paired\FE\12kHz IR\IR014_3_X277_BA_time_imgs_paired.npz,fe/12khz ir/ir014_3.mat,13
C:\Users\root\Desktop\class\math model\dataset_tensors\FE\12kHz IR\IR014_3_X277_DE_time_imgs.npy,C:\Users\root\Desktop\class\math model\paired\FE\12kHz IR\IR014_3_X277_DE_time_imgs_paired.npz,fe/12khz ir/ir014_3.mat,13
C:\Users\root\Desktop\class\math model\dataset_tensors\FE\12kHz IR\IR014_3_X277_FE_time_imgs.npy,C:\Users\root\Desktop\class\math model\paired\FE\12kHz IR\IR014_3_X277_FE_time_imgs_paired.npz,fe/12khz ir/ir014_3.mat,13
C:\Users\root\Desktop\class\math model\dataset_tensors\FE\12kHz IR\IR021_0_X270_BA_time_imgs.npy,C:\Users\root\Desktop\class\math model\paired\FE\12kHz IR\IR021_0_X270_BA_time_imgs_paired.npz,fe/12khz ir/ir021_0.mat,13
C:\Users\root\Desktop\class\math model\dataset_tensors\FE\12kHz IR\IR021_0_X270_DE_time_imgs.npy,C:\Users\root\Desktop\class\math model\paired\FE\12kHz IR\IR021_0_X270_DE_time_imgs_paired.npz,fe/12khz ir/ir021_0.mat,13
C:\Users\root\Desktop\class\math model\dataset_tensors\FE\12kHz IR\IR021_0_X270_FE_time_imgs.npy,C:\Users\root\Desktop\class\math model\paired\FE\12kHz IR\IR021_0_X270_FE_time_imgs_paired.npz,fe/12khz ir/ir021_0.mat,13
C:\Users\root\Desktop\class\math model\dataset_tensors\FE\12kHz IR\IR021_1_X271_BA_time_imgs.npy,C:\Users\root\Desktop\class\math model\paired\FE\12kHz IR\IR021_1_X271_BA_time_imgs_paired.npz,fe/12khz ir/ir021_1.mat,13
C:\Users\root\Desktop\class\math model\dataset_tensors\FE\12kHz IR\IR021_1_X271_DE_time_imgs.npy,C:\Users\root\Desktop\class\math model\paired\FE\12kHz IR\IR021_1_X271_DE_time_imgs_paired.npz,fe/12khz ir/ir021_1.mat,13
C:\Users\root\Desktop\class\math model\dataset_tensors\FE\12kHz IR\IR021_1_X271_FE_time_imgs.npy,C:\Users\root\Desktop\class\math model\paired\FE\12kHz IR\IR021_1_X271_FE_time_imgs_paired.npz,fe/12khz ir/ir021_1.mat,13
C:\Users\root\Desktop\class\math model\dataset_tensors\FE\12kHz IR\IR021_2_X272_BA_time_imgs.npy,C:\Users\root\Desktop\class\math model\paired\FE\12kHz IR\IR021_2_X272_BA_time_imgs_paired.npz,12khz ir/ir021_2.mat,13
C:\Users\root\Desktop\class\math model\dataset_tensors\FE\12kHz IR\IR021_2_X272_DE_time_imgs.npy,C:\Users\root\Desktop\class\math model\paired\FE\12kHz IR\IR021_2_X272_DE_time_imgs_paired.npz,12khz ir/ir021_2.mat,13
C:\Users\root\Desktop\class\math model\dataset_tensors\FE\12kHz IR\IR021_2_X272_FE_time_imgs.npy,C:\Users\root\Desktop\class\math model\paired\FE\12kHz IR\IR021_2_X272_FE_time_imgs_paired.npz,12khz ir/ir021_2.mat,13
C:\Users\root\Desktop\class\math model\dataset_tensors\FE\12kHz IR\IR021_3_X273_BA_time_imgs.npy,C:\Users\root\Desktop\class\math model\paired\FE\12kHz IR\IR021_3_X273_BA_time_imgs_paired.npz,12khz ir/ir021_3.mat,13
C:\Users\root\Desktop\class\math model\dataset_tensors\FE\12kHz IR\IR021_3_X273_DE_time_imgs.npy,C:\Users\root\Desktop\class\math model\paired\FE\12kHz IR\IR021_3_X273_DE_time_imgs_paired.npz,12khz ir/ir021_3.mat,13
C:\Users\root\Desktop\class\math model\dataset_tensors\FE\12kHz IR\IR021_3_X273_FE_time_imgs.npy,C:\Users\root\Desktop\class\math model\paired\FE\12kHz IR\IR021_3_X273_FE_time_imgs_paired.npz,12khz ir/ir021_3.mat,13
C:\Users\root\Desktop\class\math model\dataset_tensors\FE\12kHz OR\OR007@12_0_X302_BA_time_imgs.npy,C:\Users\root\Desktop\class\math model\paired\FE\12kHz OR\OR007@12_0_X302_BA_time_imgs_paired.npz,12khz or/or007@12_0.mat,13
C:\Users\root\Desktop\class\math model\dataset_tensors\FE\12kHz OR\OR007@12_0_X302_DE_time_imgs.npy,C:\Users\root\Desktop\class\math model\paired\FE\12kHz OR\OR007@12_0_X302_DE_time_imgs_paired.npz,12khz or/or007@12_0.mat,13
C:\Users\root\Desktop\class\math model\dataset_tensors\FE\12kHz OR\OR007@12_0_X302_FE_time_imgs.npy,C:\Users\root\Desktop\class\math model\paired\FE\12kHz OR\OR007@12_0_X302_FE_time_imgs_paired.npz,12khz or/or007@12_0.mat,13
C:\Users\root\Desktop\class\math model\dataset_tensors\FE\12kHz OR\OR007@12_1_X305_BA_time_imgs.npy,C:\Users\root\Desktop\class\math model\paired\FE\12kHz OR\OR007@12_1_X305_BA_time_imgs_paired.npz,12khz or/or007@12_1.mat,13
C:\Users\root\Desktop\class\math model\dataset_tensors\FE\12kHz OR\OR007@12_1_X305_DE_time_imgs.npy,C:\Users\root\Desktop\class\math model\paired\FE\12kHz OR\OR007@12_1_X305_DE_time_imgs_paired.npz,12khz or/or007@12_1.mat,13
C:\Users\root\Desktop\class\math model\dataset_tensors\FE\12kHz OR\OR007@12_1_X305_FE_time_imgs.npy,C:\Users\root\Desktop\class\math model\paired\FE\12kHz OR\OR007@12_1_X305_FE_time_imgs_paired.npz,12khz or/or007@12_1.mat,13
C:\Users\root\Desktop\class\math model\dataset_tensors\FE\12kHz OR\OR007@12_2_X306_BA_time_imgs.npy,C:\Users\root\Desktop\class\math model\paired\FE\12kHz OR\OR007@12_2_X306_BA_time_imgs_paired.npz,12khz or/or007@12_2.mat,13
C:\Users\root\Desktop\class\math model\dataset_tensors\FE\12kHz OR\OR007@12_2_X306_DE_time_imgs.npy,C:\Users\root\Desktop\class\math model\paired\FE\12kHz OR\OR007@12_2_X306_DE_time_imgs_paired.npz,12khz or/or007@12_2.mat,13
C:\Users\root\Desktop\class\math model\dataset_tensors\FE\12kHz OR\OR007@12_2_X306_FE_time_imgs.npy,C:\Users\root\Desktop\class\math model\paired\FE\12kHz OR\OR007@12_2_X306_FE_time_imgs_paired.npz,12khz or/or007@12_2.mat,13
C:\Users\root\Desktop\class\math model\dataset_tensors\FE\12kHz OR\OR007@12_3_X307_BA_time_imgs.npy,C:\Users\root\Desktop\class\math model\paired\FE\12kHz OR\OR007@12_3_X307_BA_time_imgs_paired.npz,12khz or/or007@12_3.mat,13
C:\Users\root\Desktop\class\math model\dataset_tensors\FE\12kHz OR\OR007@12_3_X307_DE_time_imgs.npy,C:\Users\root\Desktop\class\math model\paired\FE\12kHz OR\OR007@12_3_X307_DE_time_imgs_paired.npz,12khz or/or007@12_3.mat,13
C:\Users\root\Desktop\class\math model\dataset_tensors\FE\12kHz OR\OR007@12_3_X307_FE_time_imgs.npy,C:\Users\root\Desktop\class\math model\paired\FE\12kHz OR\OR007@12_3_X307_FE_time_imgs_paired.npz,12khz or/or007@12_3.mat,13
C:\Users\root\Desktop\class\math model\dataset_tensors\FE\12kHz OR\OR007@3_0_X298_BA_time_imgs.npy,C:\Users\root\Desktop\class\math model\paired\FE\12kHz OR\OR007@3_0_X298_BA_time_imgs_paired.npz,12khz or/or007@3_0.mat,13
C:\Users\root\Desktop\class\math model\dataset_tensors\FE\12kHz OR\OR007@3_0_X298_DE_time_imgs.npy,C:\Users\root\Desktop\class\math model\paired\FE\12kHz OR\OR007@3_0_X298_DE_time_imgs_paired.npz,12khz or/or007@3_0.mat,13
C:\Users\root\Desktop\class\math model\dataset_tensors\FE\12kHz OR\OR007@3_0_X298_FE_time_imgs.npy,C:\Users\root\Desktop\class\math model\paired\FE\12kHz OR\OR007@3_0_X298_FE_time_imgs_paired.npz,12khz or/or007@3_0.mat,13
C:\Users\root\Desktop\class\math model\dataset_tensors\FE\12kHz OR\OR007@3_1_X299_BA_time_imgs.npy,C:\Users\root\Desktop\class\math model\paired\FE\12kHz OR\OR007@3_1_X299_BA_time_imgs_paired.npz,fe/12khz or/or007@3_1.mat,13
C:\Users\root\Desktop\class\math model\dataset_tensors\FE\12kHz OR\OR007@3_1_X299_DE_time_imgs.npy,C:\Users\root\Desktop\class\math model\paired\FE\12kHz OR\OR007@3_1_X299_DE_time_imgs_paired.npz,fe/12khz or/or007@3_1.mat,13
C:\Users\root\Desktop\class\math model\dataset_tensors\FE\12kHz OR\OR007@3_1_X299_FE_time_imgs.npy,C:\Users\root\Desktop\class\math model\paired\FE\12kHz OR\OR007@3_1_X299_FE_time_imgs_paired.npz,fe/12khz or/or007@3_1.mat,13
C:\Users\root\Desktop\class\math model\dataset_tensors\FE\12kHz OR\OR007@3_2_X300_BA_time_imgs.npy,C:\Users\root\Desktop\class\math model\paired\FE\12kHz OR\OR007@3_2_X300_BA_time_imgs_paired.npz,or007@3_2.mat,13
C:\Users\root\Desktop\class\math model\dataset_tensors\FE\12kHz OR\OR007@3_2_X300_DE_time_imgs.npy,C:\Users\root\Desktop\class\math model\paired\FE\12kHz OR\OR007@3_2_X300_DE_time_imgs_paired.npz,or007@3_2.mat,13
C:\Users\root\Desktop\class\math model\dataset_tensors\FE\12kHz OR\OR007@3_2_X300_FE_time_imgs.npy,C:\Users\root\Desktop\class\math model\paired\FE\12kHz OR\OR007@3_2_X300_FE_time_imgs_paired.npz,or007@3_2.mat,13
C:\Users\root\Desktop\class\math model\dataset_tensors\FE\12kHz OR\OR007@3_3_X301_BA_time_imgs.npy,C:\Users\root\Desktop\class\math model\paired\FE\12kHz OR\OR007@3_3_X301_BA_time_imgs_paired.npz,fe/12khz or/or007@3_3.mat,13
C:\Users\root\Desktop\class\math model\dataset_tensors\FE\12kHz OR\OR007@3_3_X301_DE_time_imgs.npy,C:\Users\root\Desktop\class\math model\paired\FE\12kHz OR\OR007@3_3_X301_DE_time_imgs_paired.npz,fe/12khz or/or007@3_3.mat,13
C:\Users\root\Desktop\class\math model\dataset_tensors\FE\12kHz OR\OR007@3_3_X301_FE_time_imgs.npy,C:\Users\root\Desktop\class\math model\paired\FE\12kHz OR\OR007@3_3_X301_FE_time_imgs_paired.npz,fe/12khz or/or007@3_3.mat,13
C:\Users\root\Desktop\class\math model\dataset_tensors\FE\12kHz OR\OR007@6_0_X294_BA_time_imgs.npy,C:\Users\root\Desktop\class\math model\paired\FE\12kHz OR\OR007@6_0_X294_BA_time_imgs_paired.npz,fe/12khz or/or007@6_0.mat,13
C:\Users\root\Desktop\class\math model\dataset_tensors\FE\12kHz OR\OR007@6_0_X294_DE_time_imgs.npy,C:\Users\root\Desktop\class\math model\paired\FE\12kHz OR\OR007@6_0_X294_DE_time_imgs_paired.npz,fe/12khz or/or007@6_0.mat,13
C:\Users\root\Desktop\class\math model\dataset_tensors\FE\12kHz OR\OR007@6_0_X294_FE_time_imgs.npy,C:\Users\root\Desktop\class\math model\paired\FE\12kHz OR\OR007@6_0_X294_FE_time_imgs_paired.npz,fe/12khz or/or007@6_0.mat,13
C:\Users\root\Desktop\class\math model\dataset_tensors\FE\12kHz OR\OR007@6_1_X295_BA_time_imgs.npy,C:\Users\root\Desktop\class\math model\paired\FE\12kHz OR\OR007@6_1_X295_BA_time_imgs_paired.npz,or007@6_1.mat,13
C:\Users\root\Desktop\class\math model\dataset_tensors\FE\12kHz OR\OR007@6_1_X295_DE_time_imgs.npy,C:\Users\root\Desktop\class\math model\paired\FE\12kHz OR\OR007@6_1_X295_DE_time_imgs_paired.npz,or007@6_1.mat,13
C:\Users\root\Desktop\class\math model\dataset_tensors\FE\12kHz OR\OR007@6_1_X295_FE_time_imgs.npy,C:\Users\root\Desktop\class\math model\paired\FE\12kHz OR\OR007@6_1_X295_FE_time_imgs_paired.npz,or007@6_1.mat,13
C:\Users\root\Desktop\class\math model\dataset_tensors\FE\12kHz OR\OR007@6_2_X296_BA_time_imgs.npy,C:\Users\root\Desktop\class\math model\paired\FE\12kHz OR\OR007@6_2_X296_BA_time_imgs_paired.npz,12khz or/or007@6_2.mat,13
C:\Users\root\Desktop\class\math model\dataset_tensors\FE\12kHz OR\OR007@6_2_X296_DE_time_imgs.npy,C:\Users\root\Desktop\class\math model\paired\FE\12kHz OR\OR007@6_2_X296_DE_time_imgs_paired.npz,12khz or/or007@6_2.mat,13
C:\Users\root\Desktop\class\math model\dataset_tensors\FE\12kHz OR\OR007@6_2_X296_FE_time_imgs.npy,C:\Users\root\Desktop\class\math model\paired\FE\12kHz OR\OR007@6_2_X296_FE_time_imgs_paired.npz,12khz or/or007@6_2.mat,13
C:\Users\root\Desktop\class\math model\dataset_tensors\FE\12kHz OR\OR007@6_3_X297_BA_time_imgs.npy,C:\Users\root\Desktop\class\math model\paired\FE\12kHz OR\OR007@6_3_X297_BA_time_imgs_paired.npz,fe/12khz or/or007@6_3.mat,13
C:\Users\root\Desktop\class\math model\dataset_tensors\FE\12kHz OR\OR007@6_3_X297_DE_time_imgs.npy,C:\Users\root\Desktop\class\math model\paired\FE\12kHz OR\OR007@6_3_X297_DE_time_imgs_paired.npz,fe/12khz or/or007@6_3.mat,13
C:\Users\root\Desktop\class\math model\dataset_tensors\FE\12kHz OR\OR007@6_3_X297_FE_time_imgs.npy,C:\Users\root\Desktop\class\math model\paired\FE\12kHz OR\OR007@6_3_X297_FE_time_imgs_paired.npz,fe/12khz or/or007@6_3.mat,13
C:\Users\root\Desktop\class\math model\dataset_tensors\FE\12kHz OR\OR014@3_0_X310_BA_time_imgs.npy,C:\Users\root\Desktop\class\math model\paired\FE\12kHz OR\OR014@3_0_X310_BA_time_imgs_paired.npz,fe/12khz or/or014@3_0.mat,13
C:\Users\root\Desktop\class\math model\dataset_tensors\FE\12kHz OR\OR014@3_0_X310_DE_time_imgs.npy,C:\Users\root\Desktop\class\math model\paired\FE\12kHz OR\OR014@3_0_X310_DE_time_imgs_paired.npz,fe/12khz or/or014@3_0.mat,13
C:\Users\root\Desktop\class\math model\dataset_tensors\FE\12kHz OR\OR014@3_0_X310_FE_time_imgs.npy,C:\Users\root\Desktop\class\math model\paired\FE\12kHz OR\OR014@3_0_X310_FE_time_imgs_paired.npz,fe/12khz or/or014@3_0.mat,13
C:\Users\root\Desktop\class\math model\dataset_tensors\FE\12kHz OR\OR014@3_1_X309_BA_time_imgs.npy,C:\Users\root\Desktop\class\math model\paired\FE\12kHz OR\OR014@3_1_X309_BA_time_imgs_paired.npz,fe/12khz or/or014@3_1.mat,17
C:\Users\root\Desktop\class\math model\dataset_tensors\FE\12kHz OR\OR014@3_1_X309_DE_time_imgs.npy,C:\Users\root\Desktop\class\math model\paired\FE\12kHz OR\OR014@3_1_X309_DE_time_imgs_paired.npz,fe/12khz or/or014@3_1.mat,17
C:\Users\root\Desktop\class\math model\dataset_tensors\FE\12kHz OR\OR014@3_1_X309_FE_time_imgs.npy,C:\Users\root\Desktop\class\math model\paired\FE\12kHz OR\OR014@3_1_X309_FE_time_imgs_paired.npz,fe/12khz or/or014@3_1.mat,17
C:\Users\root\Desktop\class\math model\dataset_tensors\FE\12kHz OR\OR014@3_2_X311_BA_time_imgs.npy,C:\Users\root\Desktop\class\math model\paired\FE\12kHz OR\OR014@3_2_X311_BA_time_imgs_paired.npz,12khz or/or014@3_2.mat,13
C:\Users\root\Desktop\class\math model\dataset_tensors\FE\12kHz OR\OR014@3_2_X311_DE_time_imgs.npy,C:\Users\root\Desktop\class\math model\paired\FE\12kHz OR\OR014@3_2_X311_DE_time_imgs_paired.npz,12khz or/or014@3_2.mat,13
C:\Users\root\Desktop\class\math model\dataset_tensors\FE\12kHz OR\OR014@3_2_X311_FE_time_imgs.npy,C:\Users\root\Desktop\class\math model\paired\FE\12kHz OR\OR014@3_2_X311_FE_time_imgs_paired.npz,12khz or/or014@3_2.mat,13
C:\Users\root\Desktop\class\math model\dataset_tensors\FE\12kHz OR\OR014@3_3_X312_BA_time_imgs.npy,C:\Users\root\Desktop\class\math model\paired\FE\12kHz OR\OR014@3_3_X312_BA_time_imgs_paired.npz,fe/12khz or/or014@3_3.mat,13
C:\Users\root\Desktop\class\math model\dataset_tensors\FE\12kHz OR\OR014@3_3_X312_DE_time_imgs.npy,C:\Users\root\Desktop\class\math model\paired\FE\12kHz OR\OR014@3_3_X312_DE_time_imgs_paired.npz,fe/12khz or/or014@3_3.mat,13
C:\Users\root\Desktop\class\math model\dataset_tensors\FE\12kHz OR\OR014@3_3_X312_FE_time_imgs.npy,C:\Users\root\Desktop\class\math model\paired\FE\12kHz OR\OR014@3_3_X312_FE_time_imgs_paired.npz,fe/12khz or/or014@3_3.mat,13
C:\Users\root\Desktop\class\math model\dataset_tensors\FE\12kHz OR\OR014@6_0_X313_BA_time_imgs.npy,C:\Users\root\Desktop\class\math model\paired\FE\12kHz OR\OR014@6_0_X313_BA_time_imgs_paired.npz,12khz or/or014@6_0.mat,13
C:\Users\root\Desktop\class\math model\dataset_tensors\FE\12kHz OR\OR014@6_0_X313_DE_time_imgs.npy,C:\Users\root\Desktop\class\math model\paired\FE\12kHz OR\OR014@6_0_X313_DE_time_imgs_paired.npz,12khz or/or014@6_0.mat,13
C:\Users\root\Desktop\class\math model\dataset_tensors\FE\12kHz OR\OR014@6_0_X313_FE_time_imgs.npy,C:\Users\root\Desktop\class\math model\paired\FE\12kHz OR\OR014@6_0_X313_FE_time_imgs_paired.npz,12khz or/or014@6_0.mat,13
C:\Users\root\Desktop\class\math model\dataset_tensors\FE\12kHz OR\OR021@3_1_X316_BA_time_imgs.npy,C:\Users\root\Desktop\class\math model\paired\FE\12kHz OR\OR021@3_1_X316_BA_time_imgs_paired.npz,or021@3_1.mat,13
C:\Users\root\Desktop\class\math model\dataset_tensors\FE\12kHz OR\OR021@3_1_X316_DE_time_imgs.npy,C:\Users\root\Desktop\class\math model\paired\FE\12kHz OR\OR021@3_1_X316_DE_time_imgs_paired.npz,or021@3_1.mat,13
C:\Users\root\Desktop\class\math model\dataset_tensors\FE\12kHz OR\OR021@3_1_X316_FE_time_imgs.npy,C:\Users\root\Desktop\class\math model\paired\FE\12kHz OR\OR021@3_1_X316_FE_time_imgs_paired.npz,or021@3_1.mat,13
C:\Users\root\Desktop\class\math model\dataset_tensors\FE\12kHz OR\OR021@3_2_X317_BA_time_imgs.npy,C:\Users\root\Desktop\class\math model\paired\FE\12kHz OR\OR021@3_2_X317_BA_time_imgs_paired.npz,or021@3_2.mat,13
C:\Users\root\Desktop\class\math model\dataset_tensors\FE\12kHz OR\OR021@3_2_X317_DE_time_imgs.npy,C:\Users\root\Desktop\class\math model\paired\FE\12kHz OR\OR021@3_2_X317_DE_time_imgs_paired.npz,or021@3_2.mat,13
C:\Users\root\Desktop\class\math model\dataset_tensors\FE\12kHz OR\OR021@3_2_X317_FE_time_imgs.npy,C:\Users\root\Desktop\class\math model\paired\FE\12kHz OR\OR021@3_2_X317_FE_time_imgs_paired.npz,or021@3_2.mat,13
C:\Users\root\Desktop\class\math model\dataset_tensors\FE\12kHz OR\OR021@3_3_X318_BA_time_imgs.npy,C:\Users\root\Desktop\class\math model\paired\FE\12kHz OR\OR021@3_3_X318_BA_time_imgs_paired.npz,or021@3_3.mat,13
C:\Users\root\Desktop\class\math model\dataset_tensors\FE\12kHz OR\OR021@3_3_X318_DE_time_imgs.npy,C:\Users\root\Desktop\class\math model\paired\FE\12kHz OR\OR021@3_3_X318_DE_time_imgs_paired.npz,or021@3_3.mat,13
C:\Users\root\Desktop\class\math model\dataset_tensors\FE\12kHz OR\OR021@3_3_X318_FE_time_imgs.npy,C:\Users\root\Desktop\class\math model\paired\FE\12kHz OR\OR021@3_3_X318_FE_time_imgs_paired.npz,or021@3_3.mat,13
C:\Users\root\Desktop\class\math model\dataset_tensors\FE\12kHz OR\OR021@6_0_X315_BA_time_imgs.npy,C:\Users\root\Desktop\class\math model\paired\FE\12kHz OR\OR021@6_0_X315_BA_time_imgs_paired.npz,12khz or/or021@6_0.mat,13
C:\Users\root\Desktop\class\math model\dataset_tensors\FE\12kHz OR\OR021@6_0_X315_DE_time_imgs.npy,C:\Users\root\Desktop\class\math model\paired\FE\12kHz OR\OR021@6_0_X315_DE_time_imgs_paired.npz,12khz or/or021@6_0.mat,13
C:\Users\root\Desktop\class\math model\dataset_tensors\FE\12kHz OR\OR021@6_0_X315_FE_time_imgs.npy,C:\Users\root\Desktop\class\math model\paired\FE\12kHz OR\OR021@6_0_X315_FE_time_imgs_paired.npz,12khz or/or021@6_0.mat,13
